train,test,horizon,MAE,RMSE,R2,nMAE_%,MAPE_%(>10%rated)
Plant 2,Plant 2,15min,1042.489,2074.036,0.853,4.975,27.274
Plant 1,Plant 2,15min,1249.928,2749.021,0.743,5.965,33.648
Plant 2,Plant 2,1h,1303.894,2434.33,0.798,6.223,35.76
Plant 1,Plant 2,1h,1488.306,3006.936,0.692,7.103,42.653
Plant 2,Plant 2,4h,1576.63,3057.967,0.682,7.525,50.349
Plant 1,Plant 2,4h,2163.07,4132.659,0.419,10.323,61.643
Plant 1,Plant 1,15min,1133.88,2376.166,0.904,4.104,23.573
Plant 2,Plant 1,15min,1228.468,2480.808,0.895,4.446,23.454
Plant 1,Plant 1,1h,1438.097,2954.335,0.852,5.205,32.001
Plant 2,Plant 1,1h,1596.334,3319.398,0.814,5.777,27.844
Plant 1,Plant 1,4h,1571.616,3226.072,0.815,5.688,35.088
Plant 2,Plant 1,4h,2187.376,3985.883,0.718,7.916,38.11
