degradation,inverter,interval_detect_rate,high_rate,day_detect_rate,mean_score,plant
0.0,INV-01,0.036,0.0,0.0,0.124,Plant 1
0.0,INV-02,0.0,0.0,0.0,0.005,Plant 1
0.0,INV-03,0.0,0.0,0.0,0.019,Plant 1
0.0,INV-04,0.0,0.0,0.0,0.017,Plant 1
0.0,INV-05,0.0,0.0,0.0,0.004,Plant 1
0.0,INV-06,0.0,0.0,0.0,0.006,Plant 1
0.0,INV-07,0.0,0.0,0.0,0.033,Plant 1
0.0,INV-08,0.01,0.0,0.0,0.028,Plant 1
0.0,INV-09,0.0,0.0,0.0,0.01,Plant 1
0.0,INV-10,0.0,0.0,0.0,0.025,Plant 1
0.0,INV-11,0.0,0.0,0.0,0.004,Plant 1
0.0,INV-12,0.062,0.0,0.0,0.136,Plant 1
0.0,INV-13,0.0,0.0,0.0,0.009,Plant 1
0.0,INV-14,0.0,0.0,0.0,0.031,Plant 1
0.0,INV-15,0.0,0.0,0.0,0.022,Plant 1
0.0,INV-16,0.0,0.0,0.0,0.01,Plant 1
0.0,INV-17,0.0,0.0,0.0,0.009,Plant 1
0.0,INV-18,0.0,0.0,0.0,0.016,Plant 1
0.0,INV-19,0.0,0.0,0.0,0.009,Plant 1
0.0,INV-20,0.0,0.0,0.0,0.017,Plant 1
0.0,INV-21,0.005,0.0,0.0,0.023,Plant 1
0.0,INV-22,0.0,0.0,0.0,0.015,Plant 1
0.05,INV-01,0.16,0.0,0.0,0.212,Plant 1
0.05,INV-02,0.0,0.0,0.0,0.04,Plant 1
0.05,INV-03,0.01,0.0,0.0,0.06,Plant 1
0.05,INV-04,0.0,0.0,0.0,0.075,Plant 1
0.05,INV-05,0.0,0.0,0.0,0.041,Plant 1
0.05,INV-06,0.0,0.0,0.0,0.043,Plant 1
0.05,INV-07,0.019,0.0,0.0,0.09,Plant 1
0.05,INV-08,0.024,0.0,0.0,0.09,Plant 1
0.05,INV-09,0.0,0.0,0.0,0.063,Plant 1
0.05,INV-10,0.014,0.0,0.0,0.088,Plant 1
0.05,INV-11,0.0,0.0,0.0,0.03,Plant 1
0.05,INV-12,0.263,0.0,0.2,0.251,Plant 1
0.05,INV-13,0.0,0.0,0.0,0.062,Plant 1
0.05,INV-14,0.0,0.0,0.0,0.105,Plant 1
0.05,INV-15,0.014,0.0,0.0,0.077,Plant 1
0.05,INV-16,0.0,0.0,0.0,0.074,Plant 1
0.05,INV-17,0.0,0.0,0.0,0.064,Plant 1
0.05,INV-18,0.01,0.0,0.0,0.066,Plant 1
0.05,INV-19,0.0,0.0,0.0,0.062,Plant 1
0.05,INV-20,0.0,0.0,0.0,0.083,Plant 1
0.05,INV-21,0.024,0.0,0.0,0.085,Plant 1
0.05,INV-22,0.019,0.0,0.0,0.071,Plant 1
0.1,INV-01,0.778,0.021,1.0,0.37,Plant 1
0.1,INV-02,0.019,0.0,0.0,0.121,Plant 1
0.1,INV-03,0.086,0.0,0.0,0.157,Plant 1
0.1,INV-04,0.091,0.0,0.0,0.175,Plant 1
0.1,INV-05,0.0,0.0,0.0,0.123,Plant 1
0.1,INV-06,0.033,0.0,0.0,0.13,Plant 1
0.1,INV-07,0.144,0.0,0.0,0.188,Plant 1
0.1,INV-08,0.144,0.0,0.0,0.199,Plant 1
0.1,INV-09,0.057,0.0,0.0,0.163,Plant 1
0.1,INV-10,0.12,0.0,0.0,0.197,Plant 1
0.1,INV-11,0.033,0.0,0.0,0.107,Plant 1
0.1,INV-12,0.861,0.026,1.0,0.408,Plant 1
0.1,INV-13,0.019,0.0,0.0,0.152,Plant 1
0.1,INV-14,0.148,0.0,0.2,0.215,Plant 1
0.1,INV-15,0.086,0.0,0.0,0.176,Plant 1
0.1,INV-16,0.019,0.0,0.0,0.161,Plant 1
0.1,INV-17,0.024,0.0,0.0,0.166,Plant 1
0.1,INV-18,0.067,0.0,0.0,0.16,Plant 1
0.1,INV-19,0.043,0.0,0.0,0.158,Plant 1
0.1,INV-20,0.067,0.0,0.0,0.184,Plant 1
0.1,INV-21,0.092,0.0,0.0,0.184,Plant 1
0.1,INV-22,0.105,0.0,0.0,0.174,Plant 1
0.15,INV-01,0.99,0.216,1.0,0.535,Plant 1
0.15,INV-02,0.344,0.0,0.2,0.26,Plant 1
0.15,INV-03,0.44,0.0,0.2,0.282,Plant 1
0.15,INV-04,0.699,0.0,1.0,0.351,Plant 1
0.15,INV-05,0.321,0.0,0.2,0.265,Plant 1
0.15,INV-06,0.287,0.0,0.2,0.262,Plant 1
0.15,INV-07,0.574,0.0,0.6,0.327,Plant 1
0.15,INV-08,0.751,0.014,0.8,0.365,Plant 1
0.15,INV-09,0.445,0.0,0.4,0.297,Plant 1
0.15,INV-10,0.789,0.014,1.0,0.357,Plant 1
0.15,INV-11,0.23,0.0,0.0,0.23,Plant 1
0.15,INV-12,1.0,0.304,1.0,0.556,Plant 1
0.15,INV-13,0.464,0.0,0.4,0.297,Plant 1
0.15,INV-14,0.909,0.0,1.0,0.411,Plant 1
0.15,INV-15,0.646,0.01,0.8,0.333,Plant 1
0.15,INV-16,0.622,0.0,0.4,0.327,Plant 1
0.15,INV-17,0.541,0.0,0.6,0.324,Plant 1
0.15,INV-18,0.464,0.005,0.6,0.301,Plant 1
0.15,INV-19,0.507,0.0,0.6,0.315,Plant 1
0.15,INV-20,0.718,0.0,1.0,0.353,Plant 1
0.15,INV-21,0.633,0.014,0.6,0.354,Plant 1
0.15,INV-22,0.56,0.014,0.4,0.328,Plant 1
0.2,INV-01,1.0,0.768,1.0,0.635,Plant 1
0.2,INV-02,0.909,0.033,1.0,0.452,Plant 1
0.2,INV-03,0.919,0.072,1.0,0.456,Plant 1
0.2,INV-04,0.986,0.139,1.0,0.519,Plant 1
0.2,INV-05,0.976,0.01,1.0,0.453,Plant 1
0.2,INV-06,0.943,0.033,1.0,0.46,Plant 1
0.2,INV-07,0.967,0.148,1.0,0.491,Plant 1
0.2,INV-08,1.0,0.211,1.0,0.561,Plant 1
0.2,INV-09,0.995,0.081,1.0,0.504,Plant 1
0.2,INV-10,1.0,0.144,1.0,0.556,Plant 1
0.2,INV-11,0.823,0.024,1.0,0.414,Plant 1
0.2,INV-12,1.0,0.897,1.0,0.653,Plant 1
0.2,INV-13,0.99,0.048,1.0,0.515,Plant 1
0.2,INV-14,1.0,0.392,1.0,0.576,Plant 1
0.2,INV-15,0.99,0.153,1.0,0.531,Plant 1
0.2,INV-16,0.995,0.096,1.0,0.525,Plant 1
0.2,INV-17,0.99,0.081,1.0,0.531,Plant 1
0.2,INV-18,0.986,0.086,1.0,0.506,Plant 1
0.2,INV-19,0.986,0.077,1.0,0.509,Plant 1
0.2,INV-20,0.99,0.11,1.0,0.53,Plant 1
0.2,INV-21,0.995,0.179,1.0,0.543,Plant 1
0.2,INV-22,0.99,0.115,1.0,0.529,Plant 1
0.3,INV-01,1.0,1.0,1.0,0.782,Plant 1
0.3,INV-02,1.0,0.923,1.0,0.682,Plant 1
0.3,INV-03,1.0,0.957,1.0,0.693,Plant 1
0.3,INV-04,1.0,1.0,1.0,0.717,Plant 1
0.3,INV-05,1.0,0.986,1.0,0.691,Plant 1
0.3,INV-06,1.0,0.967,1.0,0.687,Plant 1
0.3,INV-07,1.0,0.967,1.0,0.708,Plant 1
0.3,INV-08,1.0,1.0,1.0,0.727,Plant 1
0.3,INV-09,1.0,1.0,1.0,0.706,Plant 1
0.3,INV-10,1.0,1.0,1.0,0.725,Plant 1
0.3,INV-11,1.0,0.885,1.0,0.667,Plant 1
0.3,INV-12,1.0,1.0,1.0,0.793,Plant 1
0.3,INV-13,1.0,1.0,1.0,0.708,Plant 1
0.3,INV-14,1.0,1.0,1.0,0.736,Plant 1
0.3,INV-15,1.0,0.995,1.0,0.716,Plant 1
0.3,INV-16,1.0,1.0,1.0,0.714,Plant 1
0.3,INV-17,1.0,1.0,1.0,0.713,Plant 1
0.3,INV-18,1.0,0.99,1.0,0.703,Plant 1
0.3,INV-19,1.0,1.0,1.0,0.708,Plant 1
0.3,INV-20,1.0,1.0,1.0,0.719,Plant 1
0.3,INV-21,1.0,1.0,1.0,0.722,Plant 1
0.3,INV-22,1.0,1.0,1.0,0.714,Plant 1
0.0,INV-01,0.116,0.043,0.0,0.1,Plant 2
0.0,INV-02,0.024,0.0,0.0,0.033,Plant 2
0.0,INV-03,0.042,0.011,0.0,0.044,Plant 2
0.0,INV-04,0.221,0.049,0.0,0.204,Plant 2
0.0,INV-05,0.052,0.005,0.0,0.05,Plant 2
0.0,INV-06,0.081,0.0,0.0,0.105,Plant 2
0.0,INV-07,0.047,0.005,0.0,0.053,Plant 2
0.0,INV-08,0.078,0.039,0.0,0.076,Plant 2
0.0,INV-09,0.047,0.005,0.0,0.05,Plant 2
0.0,INV-10,0.094,0.021,0.0,0.078,Plant 2
0.0,INV-11,0.11,0.041,0.0,0.091,Plant 2
0.0,INV-12,0.726,0.061,1.0,0.37,Plant 2
0.0,INV-13,0.083,0.019,0.0,0.07,Plant 2
0.0,INV-14,0.029,0.0,0.0,0.029,Plant 2
0.0,INV-15,0.069,0.015,0.0,0.074,Plant 2
0.0,INV-16,0.065,0.013,0.0,0.058,Plant 2
0.0,INV-17,0.075,0.029,0.0,0.07,Plant 2
0.0,INV-18,0.053,0.01,0.0,0.06,Plant 2
0.0,INV-19,0.106,0.03,0.0,0.135,Plant 2
0.0,INV-20,0.029,0.0,0.0,0.032,Plant 2
0.0,INV-21,0.047,0.005,0.0,0.046,Plant 2
0.0,INV-22,0.024,0.0,0.0,0.038,Plant 2
0.05,INV-01,0.165,0.043,0.0,0.14,Plant 2
0.05,INV-02,0.038,0.0,0.0,0.079,Plant 2
0.05,INV-03,0.042,0.011,0.0,0.096,Plant 2
0.05,INV-04,0.374,0.055,0.2,0.298,Plant 2
0.05,INV-05,0.073,0.005,0.0,0.097,Plant 2
0.05,INV-06,0.134,0.005,0.0,0.188,Plant 2
0.05,INV-07,0.052,0.005,0.0,0.122,Plant 2
0.05,INV-08,0.11,0.039,0.0,0.109,Plant 2
0.05,INV-09,0.083,0.005,0.0,0.104,Plant 2
0.05,INV-10,0.099,0.026,0.0,0.136,Plant 2
0.05,INV-11,0.137,0.041,0.0,0.141,Plant 2
0.05,INV-12,0.909,0.14,1.0,0.498,Plant 2
0.05,INV-13,0.096,0.019,0.0,0.124,Plant 2
0.05,INV-14,0.048,0.005,0.0,0.063,Plant 2
0.05,INV-15,0.104,0.02,0.0,0.122,Plant 2
0.05,INV-16,0.09,0.026,0.0,0.086,Plant 2
0.05,INV-17,0.098,0.029,0.0,0.114,Plant 2
0.05,INV-18,0.077,0.01,0.0,0.126,Plant 2
0.05,INV-19,0.177,0.035,0.0,0.224,Plant 2
0.05,INV-20,0.048,0.0,0.0,0.077,Plant 2
0.05,INV-21,0.057,0.005,0.0,0.104,Plant 2
0.05,INV-22,0.038,0.0,0.0,0.089,Plant 2
0.1,INV-01,0.189,0.049,0.0,0.209,Plant 2
0.1,INV-02,0.096,0.0,0.0,0.17,Plant 2
0.1,INV-03,0.142,0.016,0.2,0.198,Plant 2
0.1,INV-04,0.798,0.135,1.0,0.432,Plant 2
0.1,INV-05,0.12,0.005,0.0,0.174,Plant 2
0.1,INV-06,0.565,0.043,0.8,0.326,Plant 2
0.1,INV-07,0.209,0.016,0.2,0.232,Plant 2
0.1,INV-08,0.136,0.045,0.0,0.183,Plant 2
0.1,INV-09,0.135,0.005,0.0,0.189,Plant 2
0.1,INV-10,0.214,0.031,0.0,0.235,Plant 2
0.1,INV-11,0.192,0.055,0.0,0.214,Plant 2
0.1,INV-12,0.957,0.518,1.0,0.593,Plant 2
0.1,INV-13,0.186,0.026,0.0,0.214,Plant 2
0.1,INV-14,0.058,0.005,0.0,0.15,Plant 2
0.1,INV-15,0.158,0.02,0.0,0.202,Plant 2
0.1,INV-16,0.116,0.039,0.0,0.165,Plant 2
0.1,INV-17,0.127,0.04,0.0,0.193,Plant 2
0.1,INV-18,0.187,0.01,0.0,0.222,Plant 2
0.1,INV-19,0.631,0.071,0.8,0.356,Plant 2
0.1,INV-20,0.101,0.005,0.0,0.17,Plant 2
0.1,INV-21,0.146,0.005,0.2,0.197,Plant 2
0.1,INV-22,0.072,0.0,0.0,0.171,Plant 2
0.15,INV-01,0.476,0.073,0.6,0.312,Plant 2
0.15,INV-02,0.531,0.01,0.6,0.305,Plant 2
0.15,INV-03,0.605,0.021,0.8,0.35,Plant 2
0.15,INV-04,0.957,0.288,1.0,0.568,Plant 2
0.15,INV-05,0.458,0.026,0.4,0.309,Plant 2
0.15,INV-06,0.981,0.105,1.0,0.483,Plant 2
0.15,INV-07,0.738,0.037,0.8,0.392,Plant 2
0.15,INV-08,0.357,0.058,0.4,0.288,Plant 2
0.15,INV-09,0.49,0.036,0.6,0.316,Plant 2
0.15,INV-10,0.708,0.062,0.8,0.379,Plant 2
0.15,INV-11,0.438,0.082,0.6,0.311,Plant 2
0.15,INV-12,1.0,0.835,1.0,0.681,Plant 2
0.15,INV-13,0.583,0.064,0.6,0.343,Plant 2
0.15,INV-14,0.394,0.01,0.4,0.268,Plant 2
0.15,INV-15,0.475,0.05,0.4,0.327,Plant 2
0.15,INV-16,0.29,0.052,0.4,0.272,Plant 2
0.15,INV-17,0.543,0.052,0.6,0.322,Plant 2
0.15,INV-18,0.722,0.048,0.8,0.378,Plant 2
0.15,INV-19,0.995,0.146,1.0,0.52,Plant 2
0.15,INV-20,0.514,0.01,0.4,0.301,Plant 2
0.15,INV-21,0.573,0.031,0.6,0.331,Plant 2
0.15,INV-22,0.522,0.0,0.2,0.308,Plant 2
0.2,INV-01,0.872,0.128,1.0,0.453,Plant 2
0.2,INV-02,0.923,0.053,1.0,0.47,Plant 2
0.2,INV-03,1.0,0.142,1.0,0.526,Plant 2
0.2,INV-04,1.0,0.779,1.0,0.662,Plant 2
0.2,INV-05,0.938,0.089,1.0,0.465,Plant 2
0.2,INV-06,1.0,0.589,1.0,0.614,Plant 2
0.2,INV-07,1.0,0.236,1.0,0.546,Plant 2
0.2,INV-08,0.831,0.078,1.0,0.436,Plant 2
0.2,INV-09,0.927,0.104,1.0,0.474,Plant 2
0.2,INV-10,0.969,0.229,1.0,0.552,Plant 2
0.2,INV-11,0.87,0.116,1.0,0.456,Plant 2
0.2,INV-12,1.0,0.976,1.0,0.747,Plant 2
0.2,INV-13,0.955,0.147,1.0,0.512,Plant 2
0.2,INV-14,0.909,0.024,1.0,0.452,Plant 2
0.2,INV-15,0.941,0.139,1.0,0.475,Plant 2
0.2,INV-16,0.839,0.071,1.0,0.421,Plant 2
0.2,INV-17,0.896,0.11,1.0,0.489,Plant 2
0.2,INV-18,1.0,0.191,1.0,0.542,Plant 2
0.2,INV-19,1.0,0.717,1.0,0.634,Plant 2
0.2,INV-20,0.928,0.024,1.0,0.474,Plant 2
0.2,INV-21,0.995,0.115,1.0,0.502,Plant 2
0.2,INV-22,0.943,0.048,1.0,0.471,Plant 2
0.3,INV-01,1.0,0.896,1.0,0.701,Plant 2
0.3,INV-02,1.0,0.962,1.0,0.696,Plant 2
0.3,INV-03,1.0,0.984,1.0,0.715,Plant 2
0.3,INV-04,1.0,1.0,1.0,0.8,Plant 2
0.3,INV-05,1.0,0.911,1.0,0.692,Plant 2
0.3,INV-06,1.0,1.0,1.0,0.761,Plant 2
0.3,INV-07,1.0,0.99,1.0,0.727,Plant 2
0.3,INV-08,1.0,0.87,1.0,0.694,Plant 2
0.3,INV-09,1.0,0.896,1.0,0.694,Plant 2
0.3,INV-10,1.0,0.995,1.0,0.731,Plant 2
0.3,INV-11,1.0,0.89,1.0,0.701,Plant 2
0.3,INV-12,1.0,1.0,1.0,0.866,Plant 2
0.3,INV-13,1.0,0.962,1.0,0.72,Plant 2
0.3,INV-14,1.0,0.938,1.0,0.683,Plant 2
0.3,INV-15,1.0,0.891,1.0,0.698,Plant 2
0.3,INV-16,1.0,0.865,1.0,0.686,Plant 2
0.3,INV-17,1.0,0.925,1.0,0.709,Plant 2
0.3,INV-18,1.0,0.981,1.0,0.724,Plant 2
0.3,INV-19,1.0,1.0,1.0,0.775,Plant 2
0.3,INV-20,1.0,0.962,1.0,0.695,Plant 2
0.3,INV-21,1.0,0.938,1.0,0.705,Plant 2
0.3,INV-22,1.0,0.967,1.0,0.699,Plant 2
