plant,model,variant,horizon,MAE,RMSE,R2,nMAE_%,MAPE_%(>10%rated)
Plant 1,Persistence,-,15min,1175.386,2336.362,0.907,4.254,24.427
Plant 1,SeasonalNaive(24h),-,15min,1696.562,3580.787,0.782,6.14,35.958
Plant 1,LinearRegression,history,15min,1127.375,2128.763,0.923,4.08,21.7
Plant 1,RandomForest,history,15min,1034.563,2171.023,0.92,3.744,22.286
Plant 1,GradientBoosting(sklearn),history,15min,1093.143,2282.699,0.911,3.956,22.869
Plant 1,LinearRegression,weather_now,15min,1136.853,2159.158,0.921,4.114,22.455
Plant 1,RandomForest,weather_now,15min,1029.602,2175.371,0.919,3.726,22.182
Plant 1,GradientBoosting(sklearn),weather_now,15min,1133.88,2376.166,0.904,4.104,23.573
Plant 1,LinearRegression,weather_future,15min,309.586,585.244,0.994,1.12,4.916
Plant 1,RandomForest,weather_future,15min,217.63,478.283,0.996,0.788,3.725
Plant 1,GradientBoosting(sklearn),weather_future,15min,241.548,514.561,0.995,0.874,4.301
Plant 1,Persistence,-,1h,2270.016,3955.607,0.735,8.215,52.538
Plant 1,SeasonalNaive(24h),-,1h,1716.906,3611.698,0.779,6.214,36.151
Plant 1,LinearRegression,history,1h,1619.82,2875.914,0.86,5.862,30.921
Plant 1,RandomForest,history,1h,1347.015,2826.559,0.865,4.875,31.371
Plant 1,GradientBoosting(sklearn),history,1h,1393.271,2918.587,0.856,5.042,30.364
Plant 1,LinearRegression,weather_now,1h,1666.686,2930.482,0.855,6.032,32.825
Plant 1,RandomForest,weather_now,1h,1357.286,2835.821,0.864,4.912,31.576
Plant 1,GradientBoosting(sklearn),weather_now,1h,1438.097,2954.335,0.852,5.205,32.001
Plant 1,LinearRegression,weather_future,1h,338.417,602.045,0.994,1.225,5.027
Plant 1,RandomForest,weather_future,1h,222.27,478.26,0.996,0.804,3.792
Plant 1,GradientBoosting(sklearn),weather_future,1h,246.828,513.118,0.996,0.893,4.355
Plant 1,Persistence,-,4h,6023.88,8998.476,-0.436,21.801,104.881
Plant 1,SeasonalNaive(24h),-,4h,1642.155,3463.799,0.787,5.943,35.362
Plant 1,LinearRegression,history,4h,2028.529,3200.55,0.818,7.341,39.898
Plant 1,RandomForest,history,4h,1569.932,3197.827,0.819,5.682,34.866
Plant 1,GradientBoosting(sklearn),history,4h,1717.664,3482.986,0.785,6.216,36.147
Plant 1,LinearRegression,weather_now,4h,2047.532,3245.618,0.813,7.41,40.126
Plant 1,RandomForest,weather_now,4h,1492.681,3067.758,0.833,5.402,34.595
Plant 1,GradientBoosting(sklearn),weather_now,4h,1571.616,3226.072,0.815,5.688,35.088
Plant 1,LinearRegression,weather_future,4h,335.478,615.071,0.993,1.214,5.12
Plant 1,RandomForest,weather_future,4h,221.463,475.91,0.996,0.801,3.85
Plant 1,GradientBoosting(sklearn),weather_future,4h,243.647,539.307,0.995,0.882,4.138
Plant 2,Persistence,-,15min,1087.681,2192.156,0.836,5.191,28.787
Plant 2,SeasonalNaive(24h),-,15min,1622.549,3168.996,0.658,7.744,44.968
Plant 2,LinearRegression,history,15min,1057.035,1957.925,0.869,5.045,26.008
Plant 2,RandomForest,history,15min,948.34,1967.642,0.868,4.526,25.103
Plant 2,GradientBoosting(sklearn),history,15min,1073.364,2181.851,0.838,5.123,28.583
Plant 2,LinearRegression,weather_now,15min,1062.936,1958.002,0.869,5.073,25.838
Plant 2,RandomForest,weather_now,15min,961.246,1957.273,0.869,4.588,25.639
Plant 2,GradientBoosting(sklearn),weather_now,15min,1042.489,2074.036,0.853,4.975,27.274
Plant 2,LinearRegression,weather_future,15min,785.548,1624.965,0.91,3.749,18.948
Plant 2,RandomForest,weather_future,15min,593.195,1596.767,0.913,2.831,12.586
Plant 2,GradientBoosting(sklearn),weather_future,15min,626.668,1614.1,0.911,2.991,13.171
Plant 2,Persistence,-,1h,1929.09,3327.513,0.623,9.207,53.909
Plant 2,SeasonalNaive(24h),-,1h,1625.836,3173.797,0.657,7.759,45.262
Plant 2,LinearRegression,history,1h,1465.629,2442.466,0.797,6.995,37.178
Plant 2,RandomForest,history,1h,1238.309,2380.551,0.807,5.91,35.78
Plant 2,GradientBoosting(sklearn),history,1h,1342.152,2593.493,0.771,6.406,38.151
Plant 2,LinearRegression,weather_now,1h,1445.885,2428.568,0.799,6.901,34.451
Plant 2,RandomForest,weather_now,1h,1207.981,2311.456,0.818,5.765,34.068
Plant 2,GradientBoosting(sklearn),weather_now,1h,1303.894,2434.33,0.798,6.223,35.76
Plant 2,LinearRegression,weather_future,1h,1095.914,2052.376,0.856,5.23,23.934
Plant 2,RandomForest,weather_future,1h,696.153,1821.151,0.887,3.322,14.354
Plant 2,GradientBoosting(sklearn),weather_future,1h,711.048,1836.099,0.885,3.394,14.354
Plant 2,Persistence,-,4h,4786.997,6860.637,-0.603,22.846,101.472
Plant 2,SeasonalNaive(24h),-,4h,1611.12,3161.659,0.66,7.689,45.096
Plant 2,LinearRegression,history,4h,1667.038,2634.59,0.764,7.956,42.431
Plant 2,RandomForest,history,4h,1251.047,2493.846,0.788,5.971,38.147
Plant 2,GradientBoosting(sklearn),history,4h,1522.035,2950.342,0.704,7.264,46.809
Plant 2,LinearRegression,weather_now,4h,1626.47,2608.807,0.768,7.762,41.789
Plant 2,RandomForest,weather_now,4h,1329.111,2650.182,0.761,6.343,41.451
Plant 2,GradientBoosting(sklearn),weather_now,4h,1576.63,3057.967,0.682,7.525,50.349
Plant 2,LinearRegression,weather_future,4h,1117.511,2071.622,0.854,5.333,24.144
Plant 2,RandomForest,weather_future,4h,741.833,1907.67,0.876,3.54,15.014
Plant 2,GradientBoosting(sklearn),weather_future,4h,746.942,1948.371,0.871,3.565,14.676
