horizon,target_time,actual,prediction,persistence,model
15min,2020-06-14 16:00:00,9888.693333333333,14378.218055672538,16914.095238095237,RandomForest
15min,2020-06-14 16:15:00,6593.959047619049,7427.799900546034,9888.693333333333,RandomForest
15min,2020-06-14 16:30:00,10440.935238095237,5893.2229807428885,6593.959047619049,RandomForest
15min,2020-06-14 16:45:00,5770.537142857144,8931.529848634786,10440.935238095237,RandomForest
15min,2020-06-14 17:00:00,5762.763333333332,5455.849535130846,5770.537142857144,RandomForest
15min,2020-06-14 17:15:00,4738.783809523809,5095.096750775605,5762.763333333332,RandomForest
15min,2020-06-14 17:30:00,3605.691904761905,3384.42174717189,4738.783809523809,RandomForest
15min,2020-06-14 17:45:00,3268.2133333333336,2575.76742443273,3605.691904761905,RandomForest
15min,2020-06-14 18:00:00,2180.0566666666664,2032.5520563188827,3268.2133333333336,RandomForest
15min,2020-06-14 18:15:00,1271.1266666666668,1414.654772641149,2180.0566666666664,RandomForest
15min,2020-06-14 18:30:00,477.53666666666675,698.2792745279194,1271.1266666666668,RandomForest
15min,2020-06-14 18:45:00,0.0,35.64658216121181,477.53666666666675,RandomForest
15min,2020-06-14 19:00:00,0.0,0.0,0.0,RandomForest
15min,2020-06-14 19:15:00,0.0,0.0,0.0,RandomForest
15min,2020-06-14 19:30:00,0.0,0.0,0.0,RandomForest
15min,2020-06-14 19:45:00,0.0,0.0,0.0,RandomForest
15min,2020-06-14 20:00:00,0.0,0.0,0.0,RandomForest
15min,2020-06-14 20:15:00,0.0,0.0,0.0,RandomForest
15min,2020-06-14 20:30:00,0.0,0.0,0.0,RandomForest
15min,2020-06-14 20:45:00,0.0,0.0,0.0,RandomForest
15min,2020-06-14 21:00:00,0.0,0.0,0.0,RandomForest
15min,2020-06-14 21:15:00,0.0,0.0,0.0,RandomForest
15min,2020-06-14 21:30:00,0.0,0.0,0.0,RandomForest
15min,2020-06-14 21:45:00,0.0,0.0,0.0,RandomForest
15min,2020-06-14 22:00:00,0.0,0.0,0.0,RandomForest
15min,2020-06-14 22:15:00,0.0,0.0,0.0,RandomForest
15min,2020-06-14 22:30:00,0.0,0.0,0.0,RandomForest
15min,2020-06-14 22:45:00,0.0,0.0,0.0,RandomForest
15min,2020-06-14 23:00:00,0.0,0.0,0.0,RandomForest
15min,2020-06-14 23:15:00,0.0,0.0,0.0,RandomForest
15min,2020-06-14 23:30:00,0.0,0.0,0.0,RandomForest
15min,2020-06-14 23:45:00,0.0,0.0,0.0,RandomForest
15min,2020-06-15 00:00:00,0.0,0.0,0.0,RandomForest
15min,2020-06-15 00:15:00,0.0,0.0,0.0,RandomForest
15min,2020-06-15 00:30:00,0.0,0.0,0.0,RandomForest
15min,2020-06-15 00:45:00,0.0,0.0,0.0,RandomForest
15min,2020-06-15 01:00:00,0.0,0.0,0.0,RandomForest
15min,2020-06-15 01:15:00,0.0,0.0,0.0,RandomForest
15min,2020-06-15 01:30:00,0.0,0.0,0.0,RandomForest
15min,2020-06-15 01:45:00,0.0,0.0,0.0,RandomForest
15min,2020-06-15 02:00:00,0.0,0.0,0.0,RandomForest
15min,2020-06-15 02:15:00,0.0,0.0,0.0,RandomForest
15min,2020-06-15 02:30:00,0.0,0.0,0.0,RandomForest
15min,2020-06-15 02:45:00,0.0,0.0,0.0,RandomForest
15min,2020-06-15 03:00:00,0.0,0.0,0.0,RandomForest
15min,2020-06-15 03:15:00,0.0,0.0,0.0,RandomForest
15min,2020-06-15 03:30:00,0.0,0.0,0.0,RandomForest
15min,2020-06-15 03:45:00,0.0,0.0,0.0,RandomForest
15min,2020-06-15 04:00:00,0.0,0.0,0.0,RandomForest
15min,2020-06-15 04:15:00,0.0,0.0,0.0,RandomForest
15min,2020-06-15 04:30:00,0.0,0.0,0.0,RandomForest
15min,2020-06-15 04:45:00,0.0,0.0,0.0,RandomForest
15min,2020-06-15 05:00:00,0.0,0.0,0.0,RandomForest
15min,2020-06-15 05:15:00,0.0,0.0,0.0,RandomForest
15min,2020-06-15 05:30:00,0.0,0.0,0.0,RandomForest
15min,2020-06-15 05:45:00,0.0,2.3170426927437644,0.0,RandomForest
15min,2020-06-15 06:00:00,234.31761904761905,104.76848994906554,0.0,RandomForest
15min,2020-06-15 06:15:00,694.6933333333333,649.8960148792809,234.31761904761905,RandomForest
15min,2020-06-15 06:30:00,1838.3652380952383,1309.5381389929414,694.6933333333333,RandomForest
15min,2020-06-15 06:45:00,2634.2990476190475,2701.0911435696194,1838.3652380952383,RandomForest
15min,2020-06-15 07:00:00,4333.000952380952,3775.958058246985,2634.2990476190475,RandomForest
15min,2020-06-15 07:15:00,5086.727619047619,5799.398046912522,4333.000952380952,RandomForest
15min,2020-06-15 07:30:00,4748.241904761904,6939.1468388427875,5086.727619047619,RandomForest
15min,2020-06-15 07:45:00,9296.184761904762,6318.148639280389,4748.241904761904,RandomForest
15min,2020-06-15 08:00:00,10663.540952380952,10408.037007623734,9296.184761904762,RandomForest
15min,2020-06-15 08:15:00,12367.753333333332,11603.923882451109,10663.540952380952,RandomForest
15min,2020-06-15 08:30:00,13938.757142857141,11323.16888192744,12367.753333333332,RandomForest
15min,2020-06-15 08:45:00,14858.672857142858,14184.298997433521,13938.757142857141,RandomForest
15min,2020-06-15 09:00:00,10546.150476190478,14668.944101524503,14858.672857142858,RandomForest
15min,2020-06-15 09:15:00,10383.833333333332,12127.129470184464,10546.150476190478,RandomForest
15min,2020-06-15 09:30:00,6954.448571428572,11710.807953385014,10383.833333333332,RandomForest
15min,2020-06-15 09:45:00,10270.061904761904,11742.587834677866,6954.448571428572,RandomForest
15min,2020-06-15 10:00:00,13571.532380952382,10761.152090555772,10270.061904761904,RandomForest
15min,2020-06-15 10:15:00,12251.326666666666,13002.929260284354,13571.532380952382,RandomForest
15min,2020-06-15 10:30:00,10790.08095238095,11586.468881041512,12251.326666666666,RandomForest
15min,2020-06-15 10:45:00,7730.806666666667,11603.440572389765,10790.08095238095,RandomForest
15min,2020-06-15 11:00:00,7480.081428571428,11013.70062129769,7730.806666666667,RandomForest
15min,2020-06-15 11:15:00,11779.477619047619,10934.102788057597,7480.081428571428,RandomForest
15min,2020-06-15 11:30:00,8739.598095238094,12110.703824137423,11779.477619047619,RandomForest
15min,2020-06-15 11:45:00,7215.586666666667,10317.218330093914,8739.598095238094,RandomForest
15min,2020-06-15 12:00:00,9670.12,12243.849374545955,7215.586666666667,RandomForest
15min,2020-06-15 12:15:00,12413.529047619046,11002.560205136731,9670.12,RandomForest
15min,2020-06-15 12:30:00,9470.166666666668,13022.370346630278,12413.529047619046,RandomForest
15min,2020-06-15 12:45:00,7463.1957142857145,9582.460905546544,9470.166666666668,RandomForest
15min,2020-06-15 13:00:00,8890.6,10100.916339436417,7463.1957142857145,RandomForest
15min,2020-06-15 13:15:00,4012.793333333333,10155.59104902588,8890.6,RandomForest
15min,2020-06-15 13:30:00,8715.52619047619,5606.511951842118,4012.793333333333,RandomForest
15min,2020-06-15 13:45:00,13481.600476190475,9360.513152298097,8715.52619047619,RandomForest
15min,2020-06-15 14:00:00,14166.742380952383,11616.939236010741,13481.600476190475,RandomForest
15min,2020-06-15 14:15:00,6618.546666666666,13204.774273712399,14166.742380952383,RandomForest
15min,2020-06-15 14:30:00,11757.338095238098,8756.266802789301,6618.546666666666,RandomForest
15min,2020-06-15 14:45:00,10445.357619047618,11269.482196626966,11757.338095238098,RandomForest
15min,2020-06-15 15:00:00,9103.738571428572,9418.437497458066,10445.357619047618,RandomForest
15min,2020-06-15 15:15:00,13836.366666666667,8714.547378085577,9103.738571428572,RandomForest
15min,2020-06-15 15:30:00,10878.876190476189,12110.241732872706,13836.366666666667,RandomForest
15min,2020-06-15 15:45:00,3995.8842857142854,10174.812664971983,10878.876190476189,RandomForest
15min,2020-06-15 16:00:00,6567.83380952381,5087.069506457862,3995.8842857142854,RandomForest
15min,2020-06-15 16:15:00,8289.373333333333,6458.256347408581,6567.83380952381,RandomForest
15min,2020-06-15 16:30:00,8004.150476190477,8550.455572051997,8289.373333333333,RandomForest
15min,2020-06-15 16:45:00,8642.181904761905,8156.381543835762,8004.150476190477,RandomForest
15min,2020-06-15 17:00:00,5235.411428571429,8452.760189331577,8642.181904761905,RandomForest
15min,2020-06-15 17:15:00,1980.1795238095235,4196.158115940355,5235.411428571429,RandomForest
15min,2020-06-15 17:30:00,3405.7466666666664,1413.9629244603545,1980.1795238095235,RandomForest
15min,2020-06-15 17:45:00,2693.1647619047617,2480.4462005682667,3405.7466666666664,RandomForest
15min,2020-06-15 18:00:00,1995.7419047619048,1964.342664551803,2693.1647619047617,RandomForest
15min,2020-06-15 18:15:00,1329.2457142857143,1416.2892725989961,1995.7419047619048,RandomForest
15min,2020-06-15 18:30:00,707.5466666666665,702.737906254473,1329.2457142857143,RandomForest
15min,2020-06-15 18:45:00,143.62666666666667,235.2602421617009,707.5466666666665,RandomForest
15min,2020-06-15 19:00:00,0.0,1.2019386848997562,143.62666666666667,RandomForest
15min,2020-06-15 19:15:00,0.0,0.0,0.0,RandomForest
15min,2020-06-15 19:30:00,0.0,0.0,0.0,RandomForest
15min,2020-06-15 19:45:00,0.0,0.0,0.0,RandomForest
15min,2020-06-15 20:00:00,0.0,0.0,0.0,RandomForest
15min,2020-06-15 20:15:00,0.0,0.0,0.0,RandomForest
15min,2020-06-15 20:30:00,0.0,0.0,0.0,RandomForest
15min,2020-06-15 20:45:00,0.0,0.0,0.0,RandomForest
15min,2020-06-15 21:00:00,0.0,0.0,0.0,RandomForest
15min,2020-06-15 21:15:00,0.0,0.0,0.0,RandomForest
15min,2020-06-15 21:30:00,0.0,0.0,0.0,RandomForest
15min,2020-06-15 21:45:00,0.0,0.0,0.0,RandomForest
15min,2020-06-15 22:00:00,0.0,0.0,0.0,RandomForest
15min,2020-06-15 22:15:00,0.0,0.0,0.0,RandomForest
15min,2020-06-15 22:30:00,0.0,0.0,0.0,RandomForest
15min,2020-06-15 22:45:00,0.0,0.0,0.0,RandomForest
15min,2020-06-15 23:00:00,0.0,0.0,0.0,RandomForest
15min,2020-06-15 23:15:00,0.0,0.0,0.0,RandomForest
15min,2020-06-15 23:30:00,0.0,0.0,0.0,RandomForest
15min,2020-06-15 23:45:00,0.0,0.0,0.0,RandomForest
15min,2020-06-16 00:00:00,0.0,0.0,0.0,RandomForest
15min,2020-06-16 00:15:00,0.0,0.0,0.0,RandomForest
15min,2020-06-16 00:30:00,0.0,0.0,0.0,RandomForest
15min,2020-06-16 00:45:00,0.0,0.0,0.0,RandomForest
15min,2020-06-16 01:00:00,0.0,0.0,0.0,RandomForest
15min,2020-06-16 01:15:00,0.0,0.0,0.0,RandomForest
15min,2020-06-16 01:30:00,0.0,0.0,0.0,RandomForest
15min,2020-06-16 01:45:00,0.0,0.0,0.0,RandomForest
15min,2020-06-16 02:00:00,0.0,0.0,0.0,RandomForest
15min,2020-06-16 02:15:00,0.0,0.0,0.0,RandomForest
15min,2020-06-16 02:30:00,0.0,0.0,0.0,RandomForest
15min,2020-06-16 02:45:00,0.0,0.0,0.0,RandomForest
15min,2020-06-16 03:00:00,0.0,0.0,0.0,RandomForest
15min,2020-06-16 03:15:00,0.0,0.0,0.0,RandomForest
15min,2020-06-16 03:30:00,0.0,0.0,0.0,RandomForest
15min,2020-06-16 03:45:00,0.0,0.0,0.0,RandomForest
15min,2020-06-16 04:00:00,0.0,0.0,0.0,RandomForest
15min,2020-06-16 04:15:00,0.0,0.0,0.0,RandomForest
15min,2020-06-16 04:30:00,0.0,0.0,0.0,RandomForest
15min,2020-06-16 04:45:00,0.0,0.0,0.0,RandomForest
15min,2020-06-16 05:00:00,0.0,0.0,0.0,RandomForest
15min,2020-06-16 05:15:00,0.0,0.0,0.0,RandomForest
15min,2020-06-16 05:30:00,0.0,0.0,0.0,RandomForest
15min,2020-06-16 05:45:00,0.0,0.44103214285714293,0.0,RandomForest
15min,2020-06-16 06:00:00,159.75285714285712,123.5992522958325,0.0,RandomForest
15min,2020-06-16 06:15:00,771.7461904761906,682.445597328016,159.75285714285712,RandomForest
15min,2020-06-16 06:30:00,1530.5714285714284,1430.8253945374208,771.7461904761906,RandomForest
15min,2020-06-16 06:45:00,2508.726666666667,2223.8862733754872,1530.5714285714284,RandomForest
15min,2020-06-16 07:00:00,3484.8909523809525,3339.9438893641277,2508.726666666667,RandomForest
15min,2020-06-16 07:15:00,4249.629523809524,4473.3521571423225,3484.8909523809525,RandomForest
15min,2020-06-16 07:30:00,5409.878095238095,5152.090063728554,4249.629523809524,RandomForest
15min,2020-06-16 07:45:00,6309.826190476189,7637.473879592009,5409.878095238095,RandomForest
15min,2020-06-16 08:00:00,7809.513333333333,7417.655706087494,6309.826190476189,RandomForest
15min,2020-06-16 08:15:00,9584.60095238095,10483.756756664608,7809.513333333333,RandomForest
15min,2020-06-16 08:30:00,10676.38619047619,11301.238714138744,9584.60095238095,RandomForest
15min,2020-06-16 08:45:00,10891.864285714286,12457.492818463425,10676.38619047619,RandomForest
15min,2020-06-16 09:00:00,11605.940000000002,11820.760948888052,10891.864285714286,RandomForest
15min,2020-06-16 09:15:00,9224.402857142859,12924.053082140445,11605.940000000002,RandomForest
15min,2020-06-16 09:30:00,12200.951904761905,10537.14365095958,9224.402857142859,RandomForest
15min,2020-06-16 09:45:00,13649.375714285714,12383.776527203403,12200.951904761905,RandomForest
15min,2020-06-16 10:00:00,14343.825714285711,13464.785025783664,13649.375714285714,RandomForest
15min,2020-06-16 10:15:00,16457.873333333333,13877.79099484411,14343.825714285711,RandomForest
15min,2020-06-16 10:30:00,14603.329523809523,15464.30611816061,16457.873333333333,RandomForest
15min,2020-06-16 10:45:00,15418.262380952383,14316.302800221769,14603.329523809523,RandomForest
15min,2020-06-16 11:00:00,14184.733333333335,14755.484726658562,15418.262380952383,RandomForest
15min,2020-06-16 11:15:00,15984.871904761903,13317.691970044105,14184.733333333335,RandomForest
15min,2020-06-16 11:30:00,22419.53333333333,15018.776064901233,15984.871904761903,RandomForest
15min,2020-06-16 11:45:00,14687.01619047619,18770.526698164173,22419.53333333333,RandomForest
15min,2020-06-16 12:00:00,14734.16476190476,14929.050881657162,14687.01619047619,RandomForest
15min,2020-06-16 12:15:00,11251.276666666667,14559.208704349658,14734.16476190476,RandomForest
15min,2020-06-16 12:30:00,16377.24,12191.002682105182,11251.276666666667,RandomForest
15min,2020-06-16 12:45:00,17862.92523809524,15798.737247487037,16377.24,RandomForest
15min,2020-06-16 13:00:00,18792.21619047619,15222.886586478735,17862.92523809524,RandomForest
15min,2020-06-16 13:15:00,18387.292380952378,19068.40607901395,18792.21619047619,RandomForest
15min,2020-06-16 13:30:00,11094.630000000001,17099.907360015037,18387.292380952378,RandomForest
15min,2020-06-16 13:45:00,13727.43333333333,10742.63433723981,11094.630000000001,RandomForest
15min,2020-06-16 14:00:00,14704.017142857143,13333.093923484426,13727.43333333333,RandomForest
15min,2020-06-16 14:15:00,4860.438571428571,13765.99043475213,14704.017142857143,RandomForest
15min,2020-06-16 14:30:00,0.0,8363.563413190152,4860.438571428571,RandomForest
15min,2020-06-16 14:45:00,11662.961428571429,7842.219900668228,0.0,RandomForest
15min,2020-06-16 15:00:00,11462.718571428572,10398.942030500586,11662.961428571429,RandomForest
15min,2020-06-16 15:15:00,11978.900476190478,10383.523152899948,11462.718571428572,RandomForest
15min,2020-06-16 15:30:00,13877.978571428568,10227.269251665246,11978.900476190478,RandomForest
15min,2020-06-16 15:45:00,10490.870476190476,13128.729442271007,13877.978571428568,RandomForest
15min,2020-06-16 16:00:00,5772.629523809523,8986.25947971256,10490.870476190476,RandomForest
15min,2020-06-16 16:15:00,7955.736190476189,6305.5954129164575,5772.629523809523,RandomForest
15min,2020-06-16 16:30:00,4515.696666666667,7957.706594847268,7955.736190476189,RandomForest
15min,2020-06-16 16:45:00,3844.5599999999995,4876.112244095449,4515.696666666667,RandomForest
15min,2020-06-16 17:00:00,2709.033333333333,3027.5077403401556,3844.5599999999995,RandomForest
15min,2020-06-16 17:15:00,1115.4247619047617,2014.8609008620413,2709.033333333333,RandomForest
15min,2020-06-16 17:30:00,2181.560476190476,865.1852801567577,1115.4247619047617,RandomForest
15min,2020-06-16 17:45:00,1751.2504761904763,1591.5314270258177,2181.560476190476,RandomForest
15min,2020-06-16 18:00:00,807.5933333333334,1077.4781012395676,1751.2504761904763,RandomForest
15min,2020-06-16 18:15:00,494.6480952380952,402.91800527191737,807.5933333333334,RandomForest
15min,2020-06-16 18:30:00,249.72761904761907,107.7598268875569,494.6480952380952,RandomForest
15min,2020-06-16 18:45:00,0.0,47.36926492111061,249.72761904761907,RandomForest
15min,2020-06-16 19:00:00,0.0,0.0,0.0,RandomForest
15min,2020-06-16 19:15:00,0.0,0.0,0.0,RandomForest
15min,2020-06-16 19:30:00,0.0,0.0,0.0,RandomForest
15min,2020-06-16 19:45:00,0.0,0.0,0.0,RandomForest
15min,2020-06-16 20:00:00,0.0,0.0,0.0,RandomForest
15min,2020-06-16 20:15:00,0.0,0.0,0.0,RandomForest
15min,2020-06-16 20:30:00,0.0,0.0,0.0,RandomForest
15min,2020-06-16 20:45:00,0.0,0.0,0.0,RandomForest
15min,2020-06-16 21:00:00,0.0,0.0,0.0,RandomForest
15min,2020-06-16 21:15:00,0.0,0.0,0.0,RandomForest
15min,2020-06-16 21:30:00,0.0,0.0,0.0,RandomForest
15min,2020-06-16 21:45:00,0.0,0.0,0.0,RandomForest
15min,2020-06-16 22:00:00,0.0,0.0,0.0,RandomForest
15min,2020-06-16 22:15:00,0.0,0.0,0.0,RandomForest
15min,2020-06-16 22:30:00,0.0,0.0,0.0,RandomForest
15min,2020-06-16 22:45:00,0.0,0.0,0.0,RandomForest
15min,2020-06-16 23:00:00,0.0,0.0,0.0,RandomForest
15min,2020-06-16 23:15:00,0.0,0.0,0.0,RandomForest
15min,2020-06-16 23:30:00,0.0,0.0,0.0,RandomForest
15min,2020-06-16 23:45:00,0.0,0.0,0.0,RandomForest
15min,2020-06-17 00:00:00,0.0,0.0,0.0,RandomForest
15min,2020-06-17 00:15:00,0.0,0.0,0.0,RandomForest
15min,2020-06-17 00:30:00,0.0,0.0,0.0,RandomForest
15min,2020-06-17 00:45:00,0.0,0.0,0.0,RandomForest
15min,2020-06-17 01:00:00,0.0,0.0,0.0,RandomForest
15min,2020-06-17 01:15:00,0.0,0.0,0.0,RandomForest
15min,2020-06-17 01:30:00,0.0,0.0,0.0,RandomForest
15min,2020-06-17 01:45:00,0.0,0.0,0.0,RandomForest
15min,2020-06-17 02:00:00,0.0,0.0,0.0,RandomForest
15min,2020-06-17 02:15:00,0.0,0.0,0.0,RandomForest
15min,2020-06-17 02:30:00,0.0,0.0,0.0,RandomForest
15min,2020-06-17 02:45:00,0.0,0.0,0.0,RandomForest
15min,2020-06-17 03:00:00,0.0,0.0,0.0,RandomForest
15min,2020-06-17 03:15:00,0.0,0.0,0.0,RandomForest
15min,2020-06-17 03:30:00,0.0,0.04746587301587301,0.0,RandomForest
15min,2020-06-17 03:45:00,0.0,0.07767142857142856,0.0,RandomForest
15min,2020-06-17 04:00:00,0.0,0.07767142857142856,0.0,RandomForest
15min,2020-06-17 04:15:00,0.0,0.0863015873015873,0.0,RandomForest
15min,2020-06-17 04:30:00,0.0,0.1488702380952381,0.0,RandomForest
15min,2020-06-17 04:45:00,0.0,0.04746587301587301,0.0,RandomForest
15min,2020-06-17 05:00:00,0.0,0.07767142857142856,0.0,RandomForest
15min,2020-06-17 05:15:00,0.0,0.07767142857142856,0.0,RandomForest
15min,2020-06-17 05:30:00,0.0,0.07767142857142856,0.0,RandomForest
15min,2020-06-17 05:45:00,0.0,0.5625014172335603,0.0,RandomForest
15min,2020-06-17 06:00:00,32.6552380952381,110.11676783377996,0.0,RandomForest
15min,2020-06-17 06:15:00,525.8309523809523,229.33118679501717,32.6552380952381,RandomForest
15min,2020-06-17 06:30:00,1160.2457142857145,912.1255422242373,525.8309523809523,RandomForest
15min,2020-06-17 06:45:00,1252.3866666666665,2080.5638698143002,1160.2457142857145,RandomForest
15min,2020-06-17 07:00:00,1360.8133333333335,2277.6063408120326,1252.3866666666665,RandomForest
15min,2020-06-17 07:15:00,1616.5742857142857,2249.5666592505304,1360.8133333333335,RandomForest
15min,2020-06-17 07:30:00,2140.8361904761905,2252.177094838959,1616.5742857142857,RandomForest
15min,2020-06-17 07:45:00,2777.7842857142855,3344.4204543179567,2140.8361904761905,RandomForest
15min,2020-06-17 08:00:00,3949.08,4234.4451567606475,2777.7842857142855,RandomForest
15min,2020-06-17 08:15:00,3927.815714285714,5711.330216131395,3949.08,RandomForest
15min,2020-06-17 08:30:00,4553.829047619047,5737.675984719287,3927.815714285714,RandomForest
15min,2020-06-17 08:45:00,5865.463333333334,6275.118903245878,4553.829047619047,RandomForest
15min,2020-06-17 09:00:00,4064.4047619047615,7216.8182407694585,5865.463333333334,RandomForest
15min,2020-06-17 09:15:00,4204.126666666667,6117.358037586731,4064.4047619047615,RandomForest
15min,2020-06-17 09:30:00,7643.225238095238,6323.978702133021,4204.126666666667,RandomForest
15min,2020-06-17 09:45:00,12512.969523809526,9692.32993385642,7643.225238095238,RandomForest
15min,2020-06-17 10:00:00,12028.086666666666,12718.771076561221,12512.969523809526,RandomForest
15min,2020-06-17 10:15:00,10064.066666666666,13312.463018795757,12028.086666666666,RandomForest
15min,2020-06-17 10:30:00,9774.577619047619,10102.49350668555,10064.066666666666,RandomForest
15min,2020-06-17 10:45:00,10732.981904761906,8623.632414505384,9774.577619047619,RandomForest
15min,2020-06-17 11:00:00,10969.28,11460.52452901326,10732.981904761906,RandomForest
15min,2020-06-17 11:15:00,7334.86238095238,13110.07628058815,10969.28,RandomForest
15min,2020-06-17 11:30:00,13466.613809523808,7009.680875221562,7334.86238095238,RandomForest
15min,2020-06-17 11:45:00,16244.740952380951,12620.579058746644,13466.613809523808,RandomForest
15min,2020-06-17 12:00:00,11283.481428571427,15796.858819657802,16244.740952380951,RandomForest
15min,2020-06-17 12:15:00,17122.917619047617,11217.206522939741,11283.481428571427,RandomForest
15min,2020-06-17 12:30:00,15559.246666666668,16067.574969833926,17122.917619047617,RandomForest
15min,2020-06-17 12:45:00,16514.214285714283,15568.33056253775,15559.246666666668,RandomForest
15min,2020-06-17 13:00:00,16325.518095238098,16084.286585743544,16514.214285714283,RandomForest
15min,2020-06-17 13:15:00,14838.722857142857,15793.173982934668,16325.518095238098,RandomForest
15min,2020-06-17 13:30:00,14374.724285714285,14124.158878836919,14838.722857142857,RandomForest
15min,2020-06-17 13:45:00,1743.6142857142854,13996.99964329691,14374.724285714285,RandomForest
15min,2020-06-17 14:00:00,7318.781428571428,8601.206375481723,1743.6142857142854,RandomForest
15min,2020-06-17 14:15:00,12980.05619047619,10928.671007065926,7318.781428571428,RandomForest
15min,2020-06-17 14:30:00,10672.267142857141,11409.976140217423,12980.05619047619,RandomForest
15min,2020-06-17 14:45:00,11245.050952380952,9763.335217121814,10672.267142857141,RandomForest
15min,2020-06-17 15:00:00,12178.413333333332,10395.062127716456,11245.050952380952,RandomForest
15min,2020-06-17 15:15:00,12610.413809523812,10599.025377201657,12178.413333333332,RandomForest
15min,2020-06-17 15:30:00,7948.379999999999,11382.998189446136,12610.413809523812,RandomForest
15min,2020-06-17 15:45:00,7113.773333333333,7621.430099636165,7948.379999999999,RandomForest
15min,2020-06-17 16:00:00,6461.852857142856,7300.671529537207,7113.773333333333,RandomForest
15min,2020-06-17 16:15:00,6393.030476190476,6651.953132482158,6461.852857142856,RandomForest
15min,2020-06-17 16:30:00,6046.765714285713,5593.897602360564,6393.030476190476,RandomForest
15min,2020-06-17 16:45:00,4019.4385714285713,5611.05878973822,6046.765714285713,RandomForest
15min,2020-06-17 17:00:00,1148.673333333333,3295.6624538808155,4019.4385714285713,RandomForest
15min,2020-06-17 17:15:00,2886.312857142857,759.584053957035,1148.673333333333,RandomForest
15min,2020-06-17 17:30:00,2929.1499999999996,2308.6045437646276,2886.312857142857,RandomForest
15min,2020-06-17 17:45:00,2072.66,2442.8421074747075,2929.1499999999996,RandomForest
15min,2020-06-17 18:00:00,1284.5466666666669,1857.5229331417338,2072.66,RandomForest
15min,2020-06-17 18:15:00,677.9933333333333,951.8357942334516,1284.5466666666669,RandomForest
15min,2020-06-17 18:30:00,410.0,254.1245794755641,677.9933333333333,RandomForest
15min,2020-06-17 18:45:00,73.06666666666668,36.81786262875353,410.0,RandomForest
15min,2020-06-17 19:00:00,0.0,0.45928329004329016,73.06666666666668,RandomForest
15min,2020-06-17 19:15:00,0.0,0.0,0.0,RandomForest
15min,2020-06-17 19:30:00,0.0,0.0,0.0,RandomForest
15min,2020-06-17 19:45:00,0.0,0.0,0.0,RandomForest
15min,2020-06-17 20:00:00,0.0,0.0,0.0,RandomForest
15min,2020-06-17 20:15:00,0.0,0.0,0.0,RandomForest
15min,2020-06-17 20:30:00,0.0,0.0,0.0,RandomForest
15min,2020-06-17 20:45:00,0.0,0.0,0.0,RandomForest
15min,2020-06-17 21:00:00,0.0,0.0,0.0,RandomForest
15min,2020-06-17 21:15:00,0.0,0.0,0.0,RandomForest
15min,2020-06-17 21:30:00,0.0,0.0,0.0,RandomForest
15min,2020-06-17 21:45:00,0.0,0.0,0.0,RandomForest
15min,2020-06-17 22:00:00,0.0,0.0,0.0,RandomForest
15min,2020-06-17 22:15:00,0.0,0.0,0.0,RandomForest
15min,2020-06-17 22:30:00,0.0,0.0,0.0,RandomForest
15min,2020-06-17 22:45:00,0.0,0.0,0.0,RandomForest
15min,2020-06-17 23:00:00,0.0,0.0,0.0,RandomForest
15min,2020-06-17 23:15:00,0.0,0.0,0.0,RandomForest
15min,2020-06-17 23:30:00,0.0,0.0,0.0,RandomForest
15min,2020-06-17 23:45:00,0.0,0.0,0.0,RandomForest
1h,2020-06-14 16:15:00,6593.959047619049,8050.97433154248,6197.971428571429,RandomForest
1h,2020-06-14 16:30:00,10440.935238095237,7667.1169281187085,14250.806666666667,RandomForest
1h,2020-06-14 16:45:00,5770.537142857144,8731.353845696398,16914.095238095237,RandomForest
1h,2020-06-14 17:00:00,5762.763333333332,7882.529957139324,9888.693333333333,RandomForest
1h,2020-06-14 17:15:00,4738.783809523809,5203.667342502995,6593.959047619049,RandomForest
1h,2020-06-14 17:30:00,3605.691904761905,4593.843332179317,10440.935238095237,RandomForest
1h,2020-06-14 17:45:00,3268.2133333333336,2354.8000288197445,5770.537142857144,RandomForest
1h,2020-06-14 18:00:00,2180.0566666666664,1643.5861204693201,5762.763333333332,RandomForest
1h,2020-06-14 18:15:00,1271.1266666666668,776.1706666671463,4738.783809523809,RandomForest
1h,2020-06-14 18:30:00,477.53666666666675,453.4136809198876,3605.691904761905,RandomForest
1h,2020-06-14 18:45:00,0.0,48.10773608843539,3268.2133333333336,RandomForest
1h,2020-06-14 19:00:00,0.0,0.02541666666666667,2180.0566666666664,RandomForest
1h,2020-06-14 19:15:00,0.0,0.0,1271.1266666666668,RandomForest
1h,2020-06-14 19:30:00,0.0,0.0,477.53666666666675,RandomForest
1h,2020-06-14 19:45:00,0.0,0.0,0.0,RandomForest
1h,2020-06-14 20:00:00,0.0,0.0,0.0,RandomForest
1h,2020-06-14 20:15:00,0.0,0.0,0.0,RandomForest
1h,2020-06-14 20:30:00,0.0,0.0,0.0,RandomForest
1h,2020-06-14 20:45:00,0.0,0.0,0.0,RandomForest
1h,2020-06-14 21:00:00,0.0,0.0,0.0,RandomForest
1h,2020-06-14 21:15:00,0.0,0.0,0.0,RandomForest
1h,2020-06-14 21:30:00,0.0,0.0,0.0,RandomForest
1h,2020-06-14 21:45:00,0.0,0.0,0.0,RandomForest
1h,2020-06-14 22:00:00,0.0,0.0,0.0,RandomForest
1h,2020-06-14 22:15:00,0.0,0.0,0.0,RandomForest
1h,2020-06-14 22:30:00,0.0,0.0,0.0,RandomForest
1h,2020-06-14 22:45:00,0.0,0.0,0.0,RandomForest
1h,2020-06-14 23:00:00,0.0,0.0,0.0,RandomForest
1h,2020-06-14 23:15:00,0.0,0.0,0.0,RandomForest
1h,2020-06-14 23:30:00,0.0,0.0,0.0,RandomForest
1h,2020-06-14 23:45:00,0.0,0.0,0.0,RandomForest
1h,2020-06-15 00:00:00,0.0,0.0,0.0,RandomForest
1h,2020-06-15 00:15:00,0.0,0.0,0.0,RandomForest
1h,2020-06-15 00:30:00,0.0,0.0,0.0,RandomForest
1h,2020-06-15 00:45:00,0.0,0.0,0.0,RandomForest
1h,2020-06-15 01:00:00,0.0,0.0,0.0,RandomForest
1h,2020-06-15 01:15:00,0.0,0.0,0.0,RandomForest
1h,2020-06-15 01:30:00,0.0,0.0,0.0,RandomForest
1h,2020-06-15 01:45:00,0.0,0.0,0.0,RandomForest
1h,2020-06-15 02:00:00,0.0,0.0,0.0,RandomForest
1h,2020-06-15 02:15:00,0.0,0.0,0.0,RandomForest
1h,2020-06-15 02:30:00,0.0,0.0,0.0,RandomForest
1h,2020-06-15 02:45:00,0.0,0.0,0.0,RandomForest
1h,2020-06-15 03:00:00,0.0,0.0,0.0,RandomForest
1h,2020-06-15 03:15:00,0.0,0.0,0.0,RandomForest
1h,2020-06-15 03:30:00,0.0,0.0,0.0,RandomForest
1h,2020-06-15 03:45:00,0.0,0.0,0.0,RandomForest
1h,2020-06-15 04:00:00,0.0,0.0,0.0,RandomForest
1h,2020-06-15 04:15:00,0.0,0.0,0.0,RandomForest
1h,2020-06-15 04:30:00,0.0,0.0,0.0,RandomForest
1h,2020-06-15 04:45:00,0.0,0.0,0.0,RandomForest
1h,2020-06-15 05:00:00,0.0,0.0,0.0,RandomForest
1h,2020-06-15 05:15:00,0.0,0.0,0.0,RandomForest
1h,2020-06-15 05:30:00,0.0,0.14701071428571433,0.0,RandomForest
1h,2020-06-15 05:45:00,0.0,16.822867486772495,0.0,RandomForest
1h,2020-06-15 06:00:00,234.31761904761905,222.28560044719185,0.0,RandomForest
1h,2020-06-15 06:15:00,694.6933333333333,630.5263118709365,0.0,RandomForest
1h,2020-06-15 06:30:00,1838.3652380952383,1092.7119114011157,0.0,RandomForest
1h,2020-06-15 06:45:00,2634.2990476190475,1984.8389531015782,0.0,RandomForest
1h,2020-06-15 07:00:00,4333.000952380952,2482.3993317584273,234.31761904761905,RandomForest
1h,2020-06-15 07:15:00,5086.727619047619,3783.9473386529608,694.6933333333333,RandomForest
1h,2020-06-15 07:30:00,4748.241904761904,7052.339881270441,1838.3652380952383,RandomForest
1h,2020-06-15 07:45:00,9296.184761904762,8630.188426019773,2634.2990476190475,RandomForest
1h,2020-06-15 08:00:00,10663.540952380952,9580.939400707686,4333.000952380952,RandomForest
1h,2020-06-15 08:15:00,12367.753333333332,10611.92314372857,5086.727619047619,RandomForest
1h,2020-06-15 08:30:00,13938.757142857141,13334.160152937837,4748.241904761904,RandomForest
1h,2020-06-15 08:45:00,14858.672857142858,12342.486921255966,9296.184761904762,RandomForest
1h,2020-06-15 09:00:00,10546.150476190478,15713.978466654038,10663.540952380952,RandomForest
1h,2020-06-15 09:15:00,10383.833333333332,15573.876359975184,12367.753333333332,RandomForest
1h,2020-06-15 09:30:00,6954.448571428572,14735.59644395464,13938.757142857141,RandomForest
1h,2020-06-15 09:45:00,10270.061904761904,14120.81616639528,14858.672857142858,RandomForest
1h,2020-06-15 10:00:00,13571.532380952382,13677.810431687622,10546.150476190478,RandomForest
1h,2020-06-15 10:15:00,12251.326666666666,13703.319289902383,10383.833333333332,RandomForest
1h,2020-06-15 10:30:00,10790.08095238095,11745.99907809749,6954.448571428572,RandomForest
1h,2020-06-15 10:45:00,7730.806666666667,12962.534987090561,10270.061904761904,RandomForest
1h,2020-06-15 11:00:00,7480.081428571428,10912.979054178222,13571.532380952382,RandomForest
1h,2020-06-15 11:15:00,11779.477619047619,11350.592567993046,12251.326666666666,RandomForest
1h,2020-06-15 11:30:00,8739.598095238094,11951.07014008407,10790.08095238095,RandomForest
1h,2020-06-15 11:45:00,7215.586666666667,11740.346538577753,7730.806666666667,RandomForest
1h,2020-06-15 12:00:00,9670.12,12406.676259278503,7480.081428571428,RandomForest
1h,2020-06-15 12:15:00,12413.529047619046,12796.431156417264,11779.477619047619,RandomForest
1h,2020-06-15 12:30:00,9470.166666666668,13521.643284410362,8739.598095238094,RandomForest
1h,2020-06-15 12:45:00,7463.1957142857145,12355.243932243086,7215.586666666667,RandomForest
1h,2020-06-15 13:00:00,8890.6,10889.790084836628,9670.12,RandomForest
1h,2020-06-15 13:15:00,4012.793333333333,11773.375254688466,12413.529047619046,RandomForest
1h,2020-06-15 13:30:00,8715.52619047619,10985.71071400051,9470.166666666668,RandomForest
1h,2020-06-15 13:45:00,13481.600476190475,10756.30428063073,7463.1957142857145,RandomForest
1h,2020-06-15 14:00:00,14166.742380952383,9686.03340140464,8890.6,RandomForest
1h,2020-06-15 14:15:00,6618.546666666666,9965.775211605238,4012.793333333333,RandomForest
1h,2020-06-15 14:30:00,11757.338095238098,10073.630731626698,8715.52619047619,RandomForest
1h,2020-06-15 14:45:00,10445.357619047618,13776.517378586252,13481.600476190475,RandomForest
1h,2020-06-15 15:00:00,9103.738571428572,10325.99219264633,14166.742380952383,RandomForest
1h,2020-06-15 15:15:00,13836.366666666667,9163.918240507133,6618.546666666666,RandomForest
1h,2020-06-15 15:30:00,10878.876190476189,10500.726861101843,11757.338095238098,RandomForest
1h,2020-06-15 15:45:00,3995.8842857142854,9611.040280864414,10445.357619047618,RandomForest
1h,2020-06-15 16:00:00,6567.83380952381,8978.458053469993,9103.738571428572,RandomForest
1h,2020-06-15 16:15:00,8289.373333333333,10131.300888065774,13836.366666666667,RandomForest
1h,2020-06-15 16:30:00,8004.150476190477,9775.651744730212,10878.876190476189,RandomForest
1h,2020-06-15 16:45:00,8642.181904761905,5576.091684205741,3995.8842857142854,RandomForest
1h,2020-06-15 17:00:00,5235.411428571429,4084.3983308643565,6567.83380952381,RandomForest
1h,2020-06-15 17:15:00,1980.1795238095235,4385.862692763745,8289.373333333333,RandomForest
1h,2020-06-15 17:30:00,3405.7466666666664,2976.181393944351,8004.150476190477,RandomForest
1h,2020-06-15 17:45:00,2693.1647619047617,2190.598788885947,8642.181904761905,RandomForest
1h,2020-06-15 18:00:00,1995.7419047619048,1430.2943116059403,5235.411428571429,RandomForest
1h,2020-06-15 18:15:00,1329.2457142857143,596.8591842989417,1980.1795238095235,RandomForest
1h,2020-06-15 18:30:00,707.5466666666665,246.48631154847806,3405.7466666666664,RandomForest
1h,2020-06-15 18:45:00,143.62666666666667,3.204520004724111,2693.1647619047617,RandomForest
1h,2020-06-15 19:00:00,0.0,0.0062,1995.7419047619048,RandomForest
1h,2020-06-15 19:15:00,0.0,0.0,1329.2457142857143,RandomForest
1h,2020-06-15 19:30:00,0.0,0.0,707.5466666666665,RandomForest
1h,2020-06-15 19:45:00,0.0,0.0,143.62666666666667,RandomForest
1h,2020-06-15 20:00:00,0.0,0.0,0.0,RandomForest
1h,2020-06-15 20:15:00,0.0,0.0,0.0,RandomForest
1h,2020-06-15 20:30:00,0.0,0.0,0.0,RandomForest
1h,2020-06-15 20:45:00,0.0,0.0,0.0,RandomForest
1h,2020-06-15 21:00:00,0.0,0.0,0.0,RandomForest
1h,2020-06-15 21:15:00,0.0,0.0,0.0,RandomForest
1h,2020-06-15 21:30:00,0.0,0.0,0.0,RandomForest
1h,2020-06-15 21:45:00,0.0,0.0,0.0,RandomForest
1h,2020-06-15 22:00:00,0.0,0.0,0.0,RandomForest
1h,2020-06-15 22:15:00,0.0,0.0,0.0,RandomForest
1h,2020-06-15 22:30:00,0.0,0.0,0.0,RandomForest
1h,2020-06-15 22:45:00,0.0,0.0,0.0,RandomForest
1h,2020-06-15 23:00:00,0.0,0.0,0.0,RandomForest
1h,2020-06-15 23:15:00,0.0,0.0,0.0,RandomForest
1h,2020-06-15 23:30:00,0.0,0.0,0.0,RandomForest
1h,2020-06-15 23:45:00,0.0,0.0,0.0,RandomForest
1h,2020-06-16 00:00:00,0.0,0.0,0.0,RandomForest
1h,2020-06-16 00:15:00,0.0,0.0,0.0,RandomForest
1h,2020-06-16 00:30:00,0.0,0.0,0.0,RandomForest
1h,2020-06-16 00:45:00,0.0,0.0,0.0,RandomForest
1h,2020-06-16 01:00:00,0.0,0.0,0.0,RandomForest
1h,2020-06-16 01:15:00,0.0,0.0,0.0,RandomForest
1h,2020-06-16 01:30:00,0.0,0.0,0.0,RandomForest
1h,2020-06-16 01:45:00,0.0,0.0,0.0,RandomForest
1h,2020-06-16 02:00:00,0.0,0.0,0.0,RandomForest
1h,2020-06-16 02:15:00,0.0,0.0,0.0,RandomForest
1h,2020-06-16 02:30:00,0.0,0.0,0.0,RandomForest
1h,2020-06-16 02:45:00,0.0,0.0,0.0,RandomForest
1h,2020-06-16 03:00:00,0.0,0.0,0.0,RandomForest
1h,2020-06-16 03:15:00,0.0,0.0,0.0,RandomForest
1h,2020-06-16 03:30:00,0.0,0.0,0.0,RandomForest
1h,2020-06-16 03:45:00,0.0,0.0,0.0,RandomForest
1h,2020-06-16 04:00:00,0.0,0.0,0.0,RandomForest
1h,2020-06-16 04:15:00,0.0,0.0,0.0,RandomForest
1h,2020-06-16 04:30:00,0.0,0.0,0.0,RandomForest
1h,2020-06-16 04:45:00,0.0,0.0,0.0,RandomForest
1h,2020-06-16 05:00:00,0.0,0.0,0.0,RandomForest
1h,2020-06-16 05:15:00,0.0,0.0,0.0,RandomForest
1h,2020-06-16 05:30:00,0.0,0.0,0.0,RandomForest
1h,2020-06-16 05:45:00,0.0,0.9335575661375664,0.0,RandomForest
1h,2020-06-16 06:00:00,159.75285714285712,197.33575606372466,0.0,RandomForest
1h,2020-06-16 06:15:00,771.7461904761906,738.5092693538141,0.0,RandomForest
1h,2020-06-16 06:30:00,1530.5714285714284,1209.905811066709,0.0,RandomForest
1h,2020-06-16 06:45:00,2508.726666666667,1830.3170187493126,0.0,RandomForest
1h,2020-06-16 07:00:00,3484.8909523809525,3041.3527103435717,159.75285714285712,RandomForest
1h,2020-06-16 07:15:00,4249.629523809524,4200.606213559985,771.7461904761906,RandomForest
1h,2020-06-16 07:30:00,5409.878095238095,6080.495892618539,1530.5714285714284,RandomForest
1h,2020-06-16 07:45:00,6309.826190476189,7992.50427199097,2508.726666666667,RandomForest
1h,2020-06-16 08:00:00,7809.513333333333,9110.540144842813,3484.8909523809525,RandomForest
1h,2020-06-16 08:15:00,9584.60095238095,11388.49020119527,4249.629523809524,RandomForest
1h,2020-06-16 08:30:00,10676.38619047619,12449.035186804556,5409.878095238095,RandomForest
1h,2020-06-16 08:45:00,10891.864285714286,14358.121843864406,6309.826190476189,RandomForest
1h,2020-06-16 09:00:00,11605.940000000002,13374.7311084362,7809.513333333333,RandomForest
1h,2020-06-16 09:15:00,9224.402857142859,12574.096579600324,9584.60095238095,RandomForest
1h,2020-06-16 09:30:00,12200.951904761905,12415.779152358586,10676.38619047619,RandomForest
1h,2020-06-16 09:45:00,13649.375714285714,12501.51893731343,10891.864285714286,RandomForest
1h,2020-06-16 10:00:00,14343.825714285711,13461.661251322128,11605.940000000002,RandomForest
1h,2020-06-16 10:15:00,16457.873333333333,11930.989228710905,9224.402857142859,RandomForest
1h,2020-06-16 10:30:00,14603.329523809523,12727.321321929827,12200.951904761905,RandomForest
1h,2020-06-16 10:45:00,15418.262380952383,12209.915232256868,13649.375714285714,RandomForest
1h,2020-06-16 11:00:00,14184.733333333335,11197.477703255357,14343.825714285711,RandomForest
1h,2020-06-16 11:15:00,15984.871904761903,10408.24391415654,16457.873333333333,RandomForest
1h,2020-06-16 11:30:00,22419.53333333333,12567.32053732187,14603.329523809523,RandomForest
1h,2020-06-16 11:45:00,14687.01619047619,12270.254477761242,15418.262380952383,RandomForest
1h,2020-06-16 12:00:00,14734.16476190476,13224.220686465644,14184.733333333335,RandomForest
1h,2020-06-16 12:15:00,11251.276666666667,12555.500969335853,15984.871904761903,RandomForest
1h,2020-06-16 12:30:00,16377.24,13772.748869850358,22419.53333333333,RandomForest
1h,2020-06-16 12:45:00,17862.92523809524,13692.827555360633,14687.01619047619,RandomForest
1h,2020-06-16 13:00:00,18792.21619047619,12162.985638053107,14734.16476190476,RandomForest
1h,2020-06-16 13:15:00,18387.292380952378,13078.124164493714,11251.276666666667,RandomForest
1h,2020-06-16 13:30:00,11094.630000000001,11400.261869145043,16377.24,RandomForest
1h,2020-06-16 13:45:00,13727.43333333333,12261.566535233178,17862.92523809524,RandomForest
1h,2020-06-16 14:00:00,14704.017142857143,12654.867188061562,18792.21619047619,RandomForest
1h,2020-06-16 14:15:00,4860.438571428571,11681.674740016575,18387.292380952378,RandomForest
1h,2020-06-16 14:30:00,0.0,12961.170672281452,11094.630000000001,RandomForest
1h,2020-06-16 14:45:00,11662.961428571429,10713.11312359689,13727.43333333333,RandomForest
1h,2020-06-16 15:00:00,11462.718571428572,9719.931551429394,14704.017142857143,RandomForest
1h,2020-06-16 15:15:00,11978.900476190478,9106.137870268352,4860.438571428571,RandomForest
1h,2020-06-16 15:30:00,13877.978571428568,10024.594148276685,0.0,RandomForest
1h,2020-06-16 15:45:00,10490.870476190476,8185.7366217646995,11662.961428571429,RandomForest
1h,2020-06-16 16:00:00,5772.629523809523,7231.669995027774,11462.718571428572,RandomForest
1h,2020-06-16 16:15:00,7955.736190476189,7573.085123059732,11978.900476190478,RandomForest
1h,2020-06-16 16:30:00,4515.696666666667,8537.546518958035,13877.978571428568,RandomForest
1h,2020-06-16 16:45:00,3844.5599999999995,7837.791578885535,10490.870476190476,RandomForest
1h,2020-06-16 17:00:00,2709.033333333333,5423.814835667212,5772.629523809523,RandomForest
1h,2020-06-16 17:15:00,1115.4247619047617,5591.593825093517,7955.736190476189,RandomForest
1h,2020-06-16 17:30:00,2181.560476190476,2659.444707962578,4515.696666666667,RandomForest
1h,2020-06-16 17:45:00,1751.2504761904763,1420.9781320391587,3844.5599999999995,RandomForest
1h,2020-06-16 18:00:00,807.5933333333334,764.9457629669689,2709.033333333333,RandomForest
1h,2020-06-16 18:15:00,494.6480952380952,533.7867253570041,1115.4247619047617,RandomForest
1h,2020-06-16 18:30:00,249.72761904761907,409.435738068242,2181.560476190476,RandomForest
1h,2020-06-16 18:45:00,0.0,84.10200363575579,1751.2504761904763,RandomForest
1h,2020-06-16 19:00:00,0.0,0.0,807.5933333333334,RandomForest
1h,2020-06-16 19:15:00,0.0,0.0,494.6480952380952,RandomForest
1h,2020-06-16 19:30:00,0.0,0.0,249.72761904761907,RandomForest
1h,2020-06-16 19:45:00,0.0,0.0,0.0,RandomForest
1h,2020-06-16 20:00:00,0.0,0.0,0.0,RandomForest
1h,2020-06-16 20:15:00,0.0,0.0,0.0,RandomForest
1h,2020-06-16 20:30:00,0.0,0.0,0.0,RandomForest
1h,2020-06-16 20:45:00,0.0,0.0,0.0,RandomForest
1h,2020-06-16 21:00:00,0.0,0.0,0.0,RandomForest
1h,2020-06-16 21:15:00,0.0,0.0,0.0,RandomForest
1h,2020-06-16 21:30:00,0.0,0.0,0.0,RandomForest
1h,2020-06-16 21:45:00,0.0,0.0,0.0,RandomForest
1h,2020-06-16 22:00:00,0.0,0.0,0.0,RandomForest
1h,2020-06-16 22:15:00,0.0,0.0,0.0,RandomForest
1h,2020-06-16 22:30:00,0.0,0.0,0.0,RandomForest
1h,2020-06-16 22:45:00,0.0,0.0,0.0,RandomForest
1h,2020-06-16 23:00:00,0.0,0.0,0.0,RandomForest
1h,2020-06-16 23:15:00,0.0,0.0,0.0,RandomForest
1h,2020-06-16 23:30:00,0.0,0.0,0.0,RandomForest
1h,2020-06-16 23:45:00,0.0,0.0,0.0,RandomForest
1h,2020-06-17 00:00:00,0.0,0.0,0.0,RandomForest
1h,2020-06-17 00:15:00,0.0,0.0,0.0,RandomForest
1h,2020-06-17 00:30:00,0.0,0.0,0.0,RandomForest
1h,2020-06-17 00:45:00,0.0,0.0,0.0,RandomForest
1h,2020-06-17 01:00:00,0.0,0.0,0.0,RandomForest
1h,2020-06-17 01:15:00,0.0,0.0,0.0,RandomForest
1h,2020-06-17 01:30:00,0.0,0.0,0.0,RandomForest
1h,2020-06-17 01:45:00,0.0,0.0,0.0,RandomForest
1h,2020-06-17 02:00:00,0.0,0.0,0.0,RandomForest
1h,2020-06-17 02:15:00,0.0,0.0,0.0,RandomForest
1h,2020-06-17 02:30:00,0.0,0.0,0.0,RandomForest
1h,2020-06-17 02:45:00,0.0,0.0,0.0,RandomForest
1h,2020-06-17 03:00:00,0.0,0.0,0.0,RandomForest
1h,2020-06-17 03:15:00,0.0,0.0,0.0,RandomForest
1h,2020-06-17 03:30:00,0.0,0.0,0.0,RandomForest
1h,2020-06-17 03:45:00,0.0,0.0,0.0,RandomForest
1h,2020-06-17 04:00:00,0.0,0.0,0.0,RandomForest
1h,2020-06-17 04:15:00,0.0,0.0,0.0,RandomForest
1h,2020-06-17 04:30:00,0.0,0.0,0.0,RandomForest
1h,2020-06-17 04:45:00,0.0,0.0,0.0,RandomForest
1h,2020-06-17 05:00:00,0.0,0.0,0.0,RandomForest
1h,2020-06-17 05:15:00,0.0,0.0,0.0,RandomForest
1h,2020-06-17 05:30:00,0.0,0.0,0.0,RandomForest
1h,2020-06-17 05:45:00,0.0,0.8172553835978837,0.0,RandomForest
1h,2020-06-17 06:00:00,32.6552380952381,241.11338035004684,0.0,RandomForest
1h,2020-06-17 06:15:00,525.8309523809523,935.7381374914966,0.0,RandomForest
1h,2020-06-17 06:30:00,1160.2457142857145,1592.662735018936,0.0,RandomForest
1h,2020-06-17 06:45:00,1252.3866666666665,2014.8590177147787,0.0,RandomForest
1h,2020-06-17 07:00:00,1360.8133333333335,3526.2442074275923,32.6552380952381,RandomForest
1h,2020-06-17 07:15:00,1616.5742857142857,4064.218867821758,525.8309523809523,RandomForest
1h,2020-06-17 07:30:00,2140.8361904761905,5035.438592268809,1160.2457142857145,RandomForest
1h,2020-06-17 07:45:00,2777.7842857142855,4746.146164201487,1252.3866666666665,RandomForest
1h,2020-06-17 08:00:00,3949.08,5398.660367157719,1360.8133333333335,RandomForest
1h,2020-06-17 08:15:00,3927.815714285714,7246.773175374151,1616.5742857142857,RandomForest
1h,2020-06-17 08:30:00,4553.829047619047,8090.4432511958985,2140.8361904761905,RandomForest
1h,2020-06-17 08:45:00,5865.463333333334,10295.038597613131,2777.7842857142855,RandomForest
1h,2020-06-17 09:00:00,4064.4047619047615,12269.00037110477,3949.08,RandomForest
1h,2020-06-17 09:15:00,4204.126666666667,12299.785881756172,3927.815714285714,RandomForest
1h,2020-06-17 09:30:00,7643.225238095238,13275.238090905612,4553.829047619047,RandomForest
1h,2020-06-17 09:45:00,12512.969523809526,13824.584247588682,5865.463333333334,RandomForest
1h,2020-06-17 10:00:00,12028.086666666666,13238.524853555562,4064.4047619047615,RandomForest
1h,2020-06-17 10:15:00,10064.066666666666,13401.698906294017,4204.126666666667,RandomForest
1h,2020-06-17 10:30:00,9774.577619047619,13439.725634589084,7643.225238095238,RandomForest
1h,2020-06-17 10:45:00,10732.981904761906,13776.834069981081,12512.969523809526,RandomForest
1h,2020-06-17 11:00:00,10969.28,12733.959926312962,12028.086666666666,RandomForest
1h,2020-06-17 11:15:00,7334.86238095238,11983.96459057252,10064.066666666666,RandomForest
1h,2020-06-17 11:30:00,13466.613809523808,11852.753005810055,9774.577619047619,RandomForest
1h,2020-06-17 11:45:00,16244.740952380951,11712.460918036239,10732.981904761906,RandomForest
1h,2020-06-17 12:00:00,11283.481428571427,11638.073172439104,10969.28,RandomForest
1h,2020-06-17 12:15:00,17122.917619047617,12118.95207547042,7334.86238095238,RandomForest
1h,2020-06-17 12:30:00,15559.246666666668,11743.64063204229,13466.613809523808,RandomForest
1h,2020-06-17 12:45:00,16514.214285714283,14440.270110727311,16244.740952380951,RandomForest
1h,2020-06-17 13:00:00,16325.518095238098,14183.322706513238,11283.481428571427,RandomForest
1h,2020-06-17 13:15:00,14838.722857142857,15737.432271914458,17122.917619047617,RandomForest
1h,2020-06-17 13:30:00,14374.724285714285,12695.221677377021,15559.246666666668,RandomForest
1h,2020-06-17 13:45:00,1743.6142857142854,12263.590438440357,16514.214285714283,RandomForest
1h,2020-06-17 14:00:00,7318.781428571428,13575.23268125178,16325.518095238098,RandomForest
1h,2020-06-17 14:15:00,12980.05619047619,11554.22754407745,14838.722857142857,RandomForest
1h,2020-06-17 14:30:00,10672.267142857141,11522.779351117479,14374.724285714285,RandomForest
1h,2020-06-17 14:45:00,11245.050952380952,10127.319273865962,1743.6142857142854,RandomForest
1h,2020-06-17 15:00:00,12178.413333333332,9505.042289815285,7318.781428571428,RandomForest
1h,2020-06-17 15:15:00,12610.413809523812,9871.846504018133,12980.05619047619,RandomForest
1h,2020-06-17 15:30:00,7948.379999999999,8231.13917248883,10672.267142857141,RandomForest
1h,2020-06-17 15:45:00,7113.773333333333,7530.189638008747,11245.050952380952,RandomForest
1h,2020-06-17 16:00:00,6461.852857142856,6537.329299650247,12178.413333333332,RandomForest
1h,2020-06-17 16:15:00,6393.030476190476,7726.99071977379,12610.413809523812,RandomForest
1h,2020-06-17 16:30:00,6046.765714285713,6797.701635896446,7948.379999999999,RandomForest
1h,2020-06-17 16:45:00,4019.4385714285713,6624.489535211157,7113.773333333333,RandomForest
1h,2020-06-17 17:00:00,1148.673333333333,4750.972843489827,6461.852857142856,RandomForest
1h,2020-06-17 17:15:00,2886.312857142857,3059.5504682675687,6393.030476190476,RandomForest
1h,2020-06-17 17:30:00,2929.1499999999996,2122.2534021590604,6046.765714285713,RandomForest
1h,2020-06-17 17:45:00,2072.66,979.2182814742437,4019.4385714285713,RandomForest
1h,2020-06-17 18:00:00,1284.5466666666669,405.30489055274415,1148.673333333333,RandomForest
1h,2020-06-17 18:15:00,677.9933333333333,171.8594948567306,2886.312857142857,RandomForest
1h,2020-06-17 18:30:00,410.0,116.62238498272883,2929.1499999999996,RandomForest
1h,2020-06-17 18:45:00,73.06666666666668,0.020873333333333334,2072.66,RandomForest
1h,2020-06-17 19:00:00,0.0,0.0,1284.5466666666669,RandomForest
1h,2020-06-17 19:15:00,0.0,0.0,677.9933333333333,RandomForest
1h,2020-06-17 19:30:00,0.0,0.0,410.0,RandomForest
1h,2020-06-17 19:45:00,0.0,0.0,73.06666666666668,RandomForest
1h,2020-06-17 20:00:00,0.0,0.0,0.0,RandomForest
1h,2020-06-17 20:15:00,0.0,0.0,0.0,RandomForest
1h,2020-06-17 20:30:00,0.0,0.0,0.0,RandomForest
1h,2020-06-17 20:45:00,0.0,0.0,0.0,RandomForest
1h,2020-06-17 21:00:00,0.0,0.0,0.0,RandomForest
1h,2020-06-17 21:15:00,0.0,0.0,0.0,RandomForest
1h,2020-06-17 21:30:00,0.0,0.0,0.0,RandomForest
1h,2020-06-17 21:45:00,0.0,0.0,0.0,RandomForest
1h,2020-06-17 22:00:00,0.0,0.0,0.0,RandomForest
1h,2020-06-17 22:15:00,0.0,0.0,0.0,RandomForest
1h,2020-06-17 22:30:00,0.0,0.0,0.0,RandomForest
1h,2020-06-17 22:45:00,0.0,0.0,0.0,RandomForest
1h,2020-06-17 23:00:00,0.0,0.0,0.0,RandomForest
1h,2020-06-17 23:15:00,0.0,0.0,0.0,RandomForest
1h,2020-06-17 23:30:00,0.0,0.0,0.0,RandomForest
1h,2020-06-17 23:45:00,0.0,0.0,0.0,RandomForest
4h,2020-06-14 16:45:00,5770.537142857144,8068.695479168599,15244.790952380954,RandomForest
4h,2020-06-14 17:00:00,5762.763333333332,8026.899230841273,13791.481904761906,RandomForest
4h,2020-06-14 17:15:00,4738.783809523809,5793.252348360178,14602.326190476191,RandomForest
4h,2020-06-14 17:30:00,3605.691904761905,3808.1062352538006,13068.246666666666,RandomForest
4h,2020-06-14 17:45:00,3268.2133333333336,2177.4010969856395,12894.168095238096,RandomForest
4h,2020-06-14 18:00:00,2180.0566666666664,1921.9678878127227,13917.196190476194,RandomForest
4h,2020-06-14 18:15:00,1271.1266666666668,1055.992113665716,9066.386666666665,RandomForest
4h,2020-06-14 18:30:00,477.53666666666675,566.7089358855562,10770.567619047617,RandomForest
4h,2020-06-14 18:45:00,0.0,14.771486855459361,18109.95333333333,RandomForest
4h,2020-06-14 19:00:00,0.0,0.00496,11234.692380952381,RandomForest
4h,2020-06-14 19:15:00,0.0,0.0,6197.971428571429,RandomForest
4h,2020-06-14 19:30:00,0.0,0.0,14250.806666666667,RandomForest
4h,2020-06-14 19:45:00,0.0,0.0,16914.095238095237,RandomForest
4h,2020-06-14 20:00:00,0.0,0.0,9888.693333333333,RandomForest
4h,2020-06-14 20:15:00,0.0,0.0,6593.959047619049,RandomForest
4h,2020-06-14 20:30:00,0.0,0.0,10440.935238095237,RandomForest
4h,2020-06-14 20:45:00,0.0,0.0,5770.537142857144,RandomForest
4h,2020-06-14 21:00:00,0.0,0.0,5762.763333333332,RandomForest
4h,2020-06-14 21:15:00,0.0,0.0,4738.783809523809,RandomForest
4h,2020-06-14 21:30:00,0.0,0.0,3605.691904761905,RandomForest
4h,2020-06-14 21:45:00,0.0,0.0,3268.2133333333336,RandomForest
4h,2020-06-14 22:00:00,0.0,0.0,2180.0566666666664,RandomForest
4h,2020-06-14 22:15:00,0.0,0.0,1271.1266666666668,RandomForest
4h,2020-06-14 22:30:00,0.0,0.0,477.53666666666675,RandomForest
4h,2020-06-14 22:45:00,0.0,0.0,0.0,RandomForest
4h,2020-06-14 23:00:00,0.0,0.0,0.0,RandomForest
4h,2020-06-14 23:15:00,0.0,0.0,0.0,RandomForest
4h,2020-06-14 23:30:00,0.0,0.0,0.0,RandomForest
4h,2020-06-14 23:45:00,0.0,0.0,0.0,RandomForest
4h,2020-06-15 00:00:00,0.0,0.0,0.0,RandomForest
4h,2020-06-15 00:15:00,0.0,0.0,0.0,RandomForest
4h,2020-06-15 00:30:00,0.0,0.0,0.0,RandomForest
4h,2020-06-15 00:45:00,0.0,0.0,0.0,RandomForest
4h,2020-06-15 01:00:00,0.0,0.0,0.0,RandomForest
4h,2020-06-15 01:15:00,0.0,0.0,0.0,RandomForest
4h,2020-06-15 01:30:00,0.0,0.0,0.0,RandomForest
4h,2020-06-15 01:45:00,0.0,0.0,0.0,RandomForest
4h,2020-06-15 02:00:00,0.0,0.0,0.0,RandomForest
4h,2020-06-15 02:15:00,0.0,0.0,0.0,RandomForest
4h,2020-06-15 02:30:00,0.0,0.0,0.0,RandomForest
4h,2020-06-15 02:45:00,0.0,0.0,0.0,RandomForest
4h,2020-06-15 03:00:00,0.0,0.0,0.0,RandomForest
4h,2020-06-15 03:15:00,0.0,0.0,0.0,RandomForest
4h,2020-06-15 03:30:00,0.0,0.0,0.0,RandomForest
4h,2020-06-15 03:45:00,0.0,0.0,0.0,RandomForest
4h,2020-06-15 04:00:00,0.0,0.0,0.0,RandomForest
4h,2020-06-15 04:15:00,0.0,0.0,0.0,RandomForest
4h,2020-06-15 04:30:00,0.0,0.0,0.0,RandomForest
4h,2020-06-15 04:45:00,0.0,0.0,0.0,RandomForest
4h,2020-06-15 05:00:00,0.0,0.0,0.0,RandomForest
4h,2020-06-15 05:15:00,0.0,0.0,0.0,RandomForest
4h,2020-06-15 05:30:00,0.0,0.0,0.0,RandomForest
4h,2020-06-15 05:45:00,0.0,3.432797233560091,0.0,RandomForest
4h,2020-06-15 06:00:00,234.31761904761905,170.87137428159141,0.0,RandomForest
4h,2020-06-15 06:15:00,694.6933333333333,470.3886846634882,0.0,RandomForest
4h,2020-06-15 06:30:00,1838.3652380952383,943.9262866215629,0.0,RandomForest
4h,2020-06-15 06:45:00,2634.2990476190475,1853.5231218246004,0.0,RandomForest
4h,2020-06-15 07:00:00,4333.000952380952,2896.400553474641,0.0,RandomForest
4h,2020-06-15 07:15:00,5086.727619047619,4001.5126258661435,0.0,RandomForest
4h,2020-06-15 07:30:00,4748.241904761904,4818.888178747043,0.0,RandomForest
4h,2020-06-15 07:45:00,9296.184761904762,7379.225121890552,0.0,RandomForest
4h,2020-06-15 08:00:00,10663.540952380952,8587.677819547682,0.0,RandomForest
4h,2020-06-15 08:15:00,12367.753333333332,7466.809473795292,0.0,RandomForest
4h,2020-06-15 08:30:00,13938.757142857141,9635.414953365258,0.0,RandomForest
4h,2020-06-15 08:45:00,14858.672857142858,10047.181098910853,0.0,RandomForest
4h,2020-06-15 09:00:00,10546.150476190478,12743.942668262329,0.0,RandomForest
4h,2020-06-15 09:15:00,10383.833333333332,12262.433242522806,0.0,RandomForest
4h,2020-06-15 09:30:00,6954.448571428572,12529.909245584973,0.0,RandomForest
4h,2020-06-15 09:45:00,10270.061904761904,12902.670755733021,0.0,RandomForest
4h,2020-06-15 10:00:00,13571.532380952382,12674.170033934839,234.31761904761905,RandomForest
4h,2020-06-15 10:15:00,12251.326666666666,13671.048840130381,694.6933333333333,RandomForest
4h,2020-06-15 10:30:00,10790.08095238095,13090.883514615722,1838.3652380952383,RandomForest
4h,2020-06-15 10:45:00,7730.806666666667,12618.823683713546,2634.2990476190475,RandomForest
4h,2020-06-15 11:00:00,7480.081428571428,12540.818427747572,4333.000952380952,RandomForest
4h,2020-06-15 11:15:00,11779.477619047619,13054.185419490168,5086.727619047619,RandomForest
4h,2020-06-15 11:30:00,8739.598095238094,14795.363951552981,4748.241904761904,RandomForest
4h,2020-06-15 11:45:00,7215.586666666667,14876.946144067393,9296.184761904762,RandomForest
4h,2020-06-15 12:00:00,9670.12,13220.449052218528,10663.540952380952,RandomForest
4h,2020-06-15 12:15:00,12413.529047619046,14975.80387435709,12367.753333333332,RandomForest
4h,2020-06-15 12:30:00,9470.166666666668,15214.044842530666,13938.757142857141,RandomForest
4h,2020-06-15 12:45:00,7463.1957142857145,13112.965522790893,14858.672857142858,RandomForest
4h,2020-06-15 13:00:00,8890.6,12680.415773404606,10546.150476190478,RandomForest
4h,2020-06-15 13:15:00,4012.793333333333,13083.065719231188,10383.833333333332,RandomForest
4h,2020-06-15 13:30:00,8715.52619047619,12564.008638906742,6954.448571428572,RandomForest
4h,2020-06-15 13:45:00,13481.600476190475,13869.637309204387,10270.061904761904,RandomForest
4h,2020-06-15 14:00:00,14166.742380952383,12607.412669593636,13571.532380952382,RandomForest
4h,2020-06-15 14:15:00,6618.546666666666,12576.723363382049,12251.326666666666,RandomForest
4h,2020-06-15 14:30:00,11757.338095238098,12193.823694696965,10790.08095238095,RandomForest
4h,2020-06-15 14:45:00,10445.357619047618,15089.892248079665,7730.806666666667,RandomForest
4h,2020-06-15 15:00:00,9103.738571428572,12534.77550674856,7480.081428571428,RandomForest
4h,2020-06-15 15:15:00,13836.366666666667,10474.920473275026,11779.477619047619,RandomForest
4h,2020-06-15 15:30:00,10878.876190476189,8306.16545895123,8739.598095238094,RandomForest
4h,2020-06-15 15:45:00,3995.8842857142854,10573.475958808416,7215.586666666667,RandomForest
4h,2020-06-15 16:00:00,6567.83380952381,9349.491105716157,9670.12,RandomForest
4h,2020-06-15 16:15:00,8289.373333333333,8586.635677624357,12413.529047619046,RandomForest
4h,2020-06-15 16:30:00,8004.150476190477,7633.868544895631,9470.166666666668,RandomForest
4h,2020-06-15 16:45:00,8642.181904761905,3941.1312676658818,7463.1957142857145,RandomForest
4h,2020-06-15 17:00:00,5235.411428571429,3382.488801352474,8890.6,RandomForest
4h,2020-06-15 17:15:00,1980.1795238095235,2620.1240746707995,4012.793333333333,RandomForest
4h,2020-06-15 17:30:00,3405.7466666666664,2385.0260362183258,8715.52619047619,RandomForest
4h,2020-06-15 17:45:00,2693.1647619047617,2434.3757649501417,13481.600476190475,RandomForest
4h,2020-06-15 18:00:00,1995.7419047619048,1788.08724180837,14166.742380952383,RandomForest
4h,2020-06-15 18:15:00,1329.2457142857143,1111.533056241143,6618.546666666666,RandomForest
4h,2020-06-15 18:30:00,707.5466666666665,346.32152376254015,11757.338095238098,RandomForest
4h,2020-06-15 18:45:00,143.62666666666667,1.1386087734487729,10445.357619047618,RandomForest
4h,2020-06-15 19:00:00,0.0,0.0,9103.738571428572,RandomForest
4h,2020-06-15 19:15:00,0.0,0.0,13836.366666666667,RandomForest
4h,2020-06-15 19:30:00,0.0,0.0,10878.876190476189,RandomForest
4h,2020-06-15 19:45:00,0.0,0.0,3995.8842857142854,RandomForest
4h,2020-06-15 20:00:00,0.0,0.0,6567.83380952381,RandomForest
4h,2020-06-15 20:15:00,0.0,0.0,8289.373333333333,RandomForest
4h,2020-06-15 20:30:00,0.0,0.0,8004.150476190477,RandomForest
4h,2020-06-15 20:45:00,0.0,0.0,8642.181904761905,RandomForest
4h,2020-06-15 21:00:00,0.0,0.0,5235.411428571429,RandomForest
4h,2020-06-15 21:15:00,0.0,0.0,1980.1795238095235,RandomForest
4h,2020-06-15 21:30:00,0.0,0.0,3405.7466666666664,RandomForest
4h,2020-06-15 21:45:00,0.0,0.0,2693.1647619047617,RandomForest
4h,2020-06-15 22:00:00,0.0,0.0,1995.7419047619048,RandomForest
4h,2020-06-15 22:15:00,0.0,0.0,1329.2457142857143,RandomForest
4h,2020-06-15 22:30:00,0.0,0.0,707.5466666666665,RandomForest
4h,2020-06-15 22:45:00,0.0,0.0,143.62666666666667,RandomForest
4h,2020-06-15 23:00:00,0.0,0.0,0.0,RandomForest
4h,2020-06-15 23:15:00,0.0,0.0,0.0,RandomForest
4h,2020-06-15 23:30:00,0.0,0.0,0.0,RandomForest
4h,2020-06-15 23:45:00,0.0,0.0,0.0,RandomForest
4h,2020-06-16 00:00:00,0.0,0.0,0.0,RandomForest
4h,2020-06-16 00:15:00,0.0,0.0,0.0,RandomForest
4h,2020-06-16 00:30:00,0.0,0.0,0.0,RandomForest
4h,2020-06-16 00:45:00,0.0,0.0,0.0,RandomForest
4h,2020-06-16 01:00:00,0.0,0.0,0.0,RandomForest
4h,2020-06-16 01:15:00,0.0,0.0,0.0,RandomForest
4h,2020-06-16 01:30:00,0.0,0.0,0.0,RandomForest
4h,2020-06-16 01:45:00,0.0,0.0,0.0,RandomForest
4h,2020-06-16 02:00:00,0.0,0.0,0.0,RandomForest
4h,2020-06-16 02:15:00,0.0,0.0,0.0,RandomForest
4h,2020-06-16 02:30:00,0.0,0.0,0.0,RandomForest
4h,2020-06-16 02:45:00,0.0,0.0,0.0,RandomForest
4h,2020-06-16 03:00:00,0.0,0.0,0.0,RandomForest
4h,2020-06-16 03:15:00,0.0,0.0,0.0,RandomForest
4h,2020-06-16 03:30:00,0.0,0.0,0.0,RandomForest
4h,2020-06-16 03:45:00,0.0,0.0,0.0,RandomForest
4h,2020-06-16 04:00:00,0.0,0.0,0.0,RandomForest
4h,2020-06-16 04:15:00,0.0,0.0,0.0,RandomForest
4h,2020-06-16 04:30:00,0.0,0.0,0.0,RandomForest
4h,2020-06-16 04:45:00,0.0,0.0,0.0,RandomForest
4h,2020-06-16 05:00:00,0.0,0.0,0.0,RandomForest
4h,2020-06-16 05:15:00,0.0,0.0,0.0,RandomForest
4h,2020-06-16 05:30:00,0.0,0.0,0.0,RandomForest
4h,2020-06-16 05:45:00,0.0,0.022438412698412694,0.0,RandomForest
4h,2020-06-16 06:00:00,159.75285714285712,213.38990381572788,0.0,RandomForest
4h,2020-06-16 06:15:00,771.7461904761906,826.081393506665,0.0,RandomForest
4h,2020-06-16 06:30:00,1530.5714285714284,1356.59346284118,0.0,RandomForest
4h,2020-06-16 06:45:00,2508.726666666667,2032.340336173046,0.0,RandomForest
4h,2020-06-16 07:00:00,3484.8909523809525,3275.478704753864,0.0,RandomForest
4h,2020-06-16 07:15:00,4249.629523809524,3530.2474154746433,0.0,RandomForest
4h,2020-06-16 07:30:00,5409.878095238095,4615.947786700806,0.0,RandomForest
4h,2020-06-16 07:45:00,6309.826190476189,7316.311150608267,0.0,RandomForest
4h,2020-06-16 08:00:00,7809.513333333333,9319.80714052063,0.0,RandomForest
4h,2020-06-16 08:15:00,9584.60095238095,11430.615681813631,0.0,RandomForest
4h,2020-06-16 08:30:00,10676.38619047619,12744.733083138506,0.0,RandomForest
4h,2020-06-16 08:45:00,10891.864285714286,13338.977110331502,0.0,RandomForest
4h,2020-06-16 09:00:00,11605.940000000002,11516.448238735355,0.0,RandomForest
4h,2020-06-16 09:15:00,9224.402857142859,11972.734931665422,0.0,RandomForest
4h,2020-06-16 09:30:00,12200.951904761905,12991.045205512875,0.0,RandomForest
4h,2020-06-16 09:45:00,13649.375714285714,13033.32882346697,0.0,RandomForest
4h,2020-06-16 10:00:00,14343.825714285711,13251.921702608231,159.75285714285712,RandomForest
4h,2020-06-16 10:15:00,16457.873333333333,12273.021450571698,771.7461904761906,RandomForest
4h,2020-06-16 10:30:00,14603.329523809523,14173.932108639883,1530.5714285714284,RandomForest
4h,2020-06-16 10:45:00,15418.262380952383,13094.29325616606,2508.726666666667,RandomForest
4h,2020-06-16 11:00:00,14184.733333333335,12984.184425849366,3484.8909523809525,RandomForest
4h,2020-06-16 11:15:00,15984.871904761903,12068.918266961826,4249.629523809524,RandomForest
4h,2020-06-16 11:30:00,22419.53333333333,12122.207003772934,5409.878095238095,RandomForest
4h,2020-06-16 11:45:00,14687.01619047619,12593.586206265112,6309.826190476189,RandomForest
4h,2020-06-16 12:00:00,14734.16476190476,14955.604564236071,7809.513333333333,RandomForest
4h,2020-06-16 12:15:00,11251.276666666667,14310.212115159067,9584.60095238095,RandomForest
4h,2020-06-16 12:30:00,16377.24,14060.900263925483,10676.38619047619,RandomForest
4h,2020-06-16 12:45:00,17862.92523809524,13060.169482338186,10891.864285714286,RandomForest
4h,2020-06-16 13:00:00,18792.21619047619,11147.769597156766,11605.940000000002,RandomForest
4h,2020-06-16 13:15:00,18387.292380952378,12801.953229470115,9224.402857142859,RandomForest
4h,2020-06-16 13:30:00,11094.630000000001,11661.601281262874,12200.951904761905,RandomForest
4h,2020-06-16 13:45:00,13727.43333333333,13026.215385821566,13649.375714285714,RandomForest
4h,2020-06-16 14:00:00,14704.017142857143,13296.51194975032,14343.825714285711,RandomForest
4h,2020-06-16 14:15:00,4860.438571428571,13747.613553294677,16457.873333333333,RandomForest
4h,2020-06-16 14:30:00,0.0,10275.533744374703,14603.329523809523,RandomForest
4h,2020-06-16 14:45:00,11662.961428571429,10499.464027848642,15418.262380952383,RandomForest
4h,2020-06-16 15:00:00,11462.718571428572,10360.150980482977,14184.733333333335,RandomForest
4h,2020-06-16 15:15:00,11978.900476190478,10216.368752376968,15984.871904761903,RandomForest
4h,2020-06-16 15:30:00,13877.978571428568,10150.032642044845,22419.53333333333,RandomForest
4h,2020-06-16 15:45:00,10490.870476190476,9990.119061765143,14687.01619047619,RandomForest
4h,2020-06-16 16:00:00,5772.629523809523,9536.269285220991,14734.16476190476,RandomForest
4h,2020-06-16 16:15:00,7955.736190476189,8596.244491869647,11251.276666666667,RandomForest
4h,2020-06-16 16:30:00,4515.696666666667,7563.873902939946,16377.24,RandomForest
4h,2020-06-16 16:45:00,3844.5599999999995,6960.945074174261,17862.92523809524,RandomForest
4h,2020-06-16 17:00:00,2709.033333333333,4310.833813892983,18792.21619047619,RandomForest
4h,2020-06-16 17:15:00,1115.4247619047617,3994.5321080315684,18387.292380952378,RandomForest
4h,2020-06-16 17:30:00,2181.560476190476,3104.1200011702736,11094.630000000001,RandomForest
4h,2020-06-16 17:45:00,1751.2504761904763,2264.785568737218,13727.43333333333,RandomForest
4h,2020-06-16 18:00:00,807.5933333333334,1538.9295361253216,14704.017142857143,RandomForest
4h,2020-06-16 18:15:00,494.6480952380952,1157.1619925829693,4860.438571428571,RandomForest
4h,2020-06-16 18:30:00,249.72761904761907,635.0157487441593,0.0,RandomForest
4h,2020-06-16 18:45:00,0.0,163.089770348831,11662.961428571429,RandomForest
4h,2020-06-16 19:00:00,0.0,0.00496,11462.718571428572,RandomForest
4h,2020-06-16 19:15:00,0.0,0.07546530612244895,11978.900476190478,RandomForest
4h,2020-06-16 19:30:00,0.0,0.0,13877.978571428568,RandomForest
4h,2020-06-16 19:45:00,0.0,0.0,10490.870476190476,RandomForest
4h,2020-06-16 20:00:00,0.0,0.0,5772.629523809523,RandomForest
4h,2020-06-16 20:15:00,0.0,0.0,7955.736190476189,RandomForest
4h,2020-06-16 20:30:00,0.0,0.0,4515.696666666667,RandomForest
4h,2020-06-16 20:45:00,0.0,0.0,3844.5599999999995,RandomForest
4h,2020-06-16 21:00:00,0.0,0.0,2709.033333333333,RandomForest
4h,2020-06-16 21:15:00,0.0,0.0,1115.4247619047617,RandomForest
4h,2020-06-16 21:30:00,0.0,0.0,2181.560476190476,RandomForest
4h,2020-06-16 21:45:00,0.0,0.0,1751.2504761904763,RandomForest
4h,2020-06-16 22:00:00,0.0,0.0,807.5933333333334,RandomForest
4h,2020-06-16 22:15:00,0.0,0.0,494.6480952380952,RandomForest
4h,2020-06-16 22:30:00,0.0,0.0,249.72761904761907,RandomForest
4h,2020-06-16 22:45:00,0.0,0.0,0.0,RandomForest
4h,2020-06-16 23:00:00,0.0,0.0,0.0,RandomForest
4h,2020-06-16 23:15:00,0.0,0.0,0.0,RandomForest
4h,2020-06-16 23:30:00,0.0,0.0,0.0,RandomForest
4h,2020-06-16 23:45:00,0.0,0.0,0.0,RandomForest
4h,2020-06-17 00:00:00,0.0,0.0,0.0,RandomForest
4h,2020-06-17 00:15:00,0.0,0.0,0.0,RandomForest
4h,2020-06-17 00:30:00,0.0,0.0,0.0,RandomForest
4h,2020-06-17 00:45:00,0.0,0.0,0.0,RandomForest
4h,2020-06-17 01:00:00,0.0,0.0,0.0,RandomForest
4h,2020-06-17 01:15:00,0.0,0.0,0.0,RandomForest
4h,2020-06-17 01:30:00,0.0,0.0,0.0,RandomForest
4h,2020-06-17 01:45:00,0.0,0.0,0.0,RandomForest
4h,2020-06-17 02:00:00,0.0,0.0,0.0,RandomForest
4h,2020-06-17 02:15:00,0.0,0.0,0.0,RandomForest
4h,2020-06-17 02:30:00,0.0,0.0,0.0,RandomForest
4h,2020-06-17 02:45:00,0.0,0.0,0.0,RandomForest
4h,2020-06-17 03:00:00,0.0,0.0,0.0,RandomForest
4h,2020-06-17 03:15:00,0.0,0.0,0.0,RandomForest
4h,2020-06-17 03:30:00,0.0,0.0,0.0,RandomForest
4h,2020-06-17 03:45:00,0.0,0.0,0.0,RandomForest
4h,2020-06-17 04:00:00,0.0,0.0,0.0,RandomForest
4h,2020-06-17 04:15:00,0.0,0.0,0.0,RandomForest
4h,2020-06-17 04:30:00,0.0,0.0,0.0,RandomForest
4h,2020-06-17 04:45:00,0.0,0.0,0.0,RandomForest
4h,2020-06-17 05:00:00,0.0,0.0,0.0,RandomForest
4h,2020-06-17 05:15:00,0.0,0.0,0.0,RandomForest
4h,2020-06-17 05:30:00,0.0,0.0,0.0,RandomForest
4h,2020-06-17 05:45:00,0.0,3.446605487528345,0.0,RandomForest
4h,2020-06-17 06:00:00,32.6552380952381,218.21835517841947,0.0,RandomForest
4h,2020-06-17 06:15:00,525.8309523809523,704.373141505948,0.0,RandomForest
4h,2020-06-17 06:30:00,1160.2457142857145,1341.2924506301308,0.0,RandomForest
4h,2020-06-17 06:45:00,1252.3866666666665,1896.4789820170313,0.0,RandomForest
4h,2020-06-17 07:00:00,1360.8133333333335,2515.046587046412,0.0,RandomForest
4h,2020-06-17 07:15:00,1616.5742857142857,4463.211006420325,0.0,RandomForest
4h,2020-06-17 07:30:00,2140.8361904761905,5623.498155539665,0.0,RandomForest
4h,2020-06-17 07:45:00,2777.7842857142855,6889.711578249419,0.0,RandomForest
4h,2020-06-17 08:00:00,3949.08,8237.716247008007,0.0,RandomForest
4h,2020-06-17 08:15:00,3927.815714285714,11004.437188849643,0.0,RandomForest
4h,2020-06-17 08:30:00,4553.829047619047,13241.42726998045,0.0,RandomForest
4h,2020-06-17 08:45:00,5865.463333333334,14396.669539430306,0.0,RandomForest
4h,2020-06-17 09:00:00,4064.4047619047615,15404.057854070252,0.0,RandomForest
4h,2020-06-17 09:15:00,4204.126666666667,15637.585326085626,0.0,RandomForest
4h,2020-06-17 09:30:00,7643.225238095238,15541.855897297684,0.0,RandomForest
4h,2020-06-17 09:45:00,12512.969523809526,15585.836090201785,0.0,RandomForest
4h,2020-06-17 10:00:00,12028.086666666666,15664.645583972388,32.6552380952381,RandomForest
4h,2020-06-17 10:15:00,10064.066666666666,13773.25895667423,525.8309523809523,RandomForest
4h,2020-06-17 10:30:00,9774.577619047619,16395.94014456388,1160.2457142857145,RandomForest
4h,2020-06-17 10:45:00,10732.981904761906,14028.563379025296,1252.3866666666665,RandomForest
4h,2020-06-17 11:00:00,10969.28,16147.590225648577,1360.8133333333335,RandomForest
4h,2020-06-17 11:15:00,7334.86238095238,14984.211054377223,1616.5742857142857,RandomForest
4h,2020-06-17 11:30:00,13466.613809523808,13213.358913890608,2140.8361904761905,RandomForest
4h,2020-06-17 11:45:00,16244.740952380951,13276.336702568407,2777.7842857142855,RandomForest
4h,2020-06-17 12:00:00,11283.481428571427,13352.296872915924,3949.08,RandomForest
4h,2020-06-17 12:15:00,17122.917619047617,12184.735163923966,3927.815714285714,RandomForest
4h,2020-06-17 12:30:00,15559.246666666668,13580.347064080283,4553.829047619047,RandomForest
4h,2020-06-17 12:45:00,16514.214285714283,15394.007759960841,5865.463333333334,RandomForest
4h,2020-06-17 13:00:00,16325.518095238098,16845.184440532055,4064.4047619047615,RandomForest
4h,2020-06-17 13:15:00,14838.722857142857,16561.00607022993,4204.126666666667,RandomForest
4h,2020-06-17 13:30:00,14374.724285714285,13720.086715493328,7643.225238095238,RandomForest
4h,2020-06-17 13:45:00,1743.6142857142854,13052.09134708627,12512.969523809526,RandomForest
4h,2020-06-17 14:00:00,7318.781428571428,13841.968184561943,12028.086666666666,RandomForest
4h,2020-06-17 14:15:00,12980.05619047619,13426.133971071942,10064.066666666666,RandomForest
4h,2020-06-17 14:30:00,10672.267142857141,13182.25922810412,9774.577619047619,RandomForest
4h,2020-06-17 14:45:00,11245.050952380952,11897.898338371704,10732.981904761906,RandomForest
4h,2020-06-17 15:00:00,12178.413333333332,11709.904627593536,10969.28,RandomForest
4h,2020-06-17 15:15:00,12610.413809523812,10229.691859628994,7334.86238095238,RandomForest
4h,2020-06-17 15:30:00,7948.379999999999,10039.324578633583,13466.613809523808,RandomForest
4h,2020-06-17 15:45:00,7113.773333333333,9845.02513662104,16244.740952380951,RandomForest
4h,2020-06-17 16:00:00,6461.852857142856,8396.711772167186,11283.481428571427,RandomForest
4h,2020-06-17 16:15:00,6393.030476190476,9218.137973898914,17122.917619047617,RandomForest
4h,2020-06-17 16:30:00,6046.765714285713,6364.9415079616065,15559.246666666668,RandomForest
4h,2020-06-17 16:45:00,4019.4385714285713,4192.1203076574975,16514.214285714283,RandomForest
4h,2020-06-17 17:00:00,1148.673333333333,2433.938599653478,16325.518095238098,RandomForest
4h,2020-06-17 17:15:00,2886.312857142857,1942.2899712221595,14838.722857142857,RandomForest
4h,2020-06-17 17:30:00,2929.1499999999996,2216.3921228593686,14374.724285714285,RandomForest
4h,2020-06-17 17:45:00,2072.66,1503.8313600159092,1743.6142857142854,RandomForest
4h,2020-06-17 18:00:00,1284.5466666666669,880.3691802275368,7318.781428571428,RandomForest
4h,2020-06-17 18:15:00,677.9933333333333,508.5245397851952,12980.05619047619,RandomForest
4h,2020-06-17 18:30:00,410.0,219.81980462320746,10672.267142857141,RandomForest
4h,2020-06-17 18:45:00,73.06666666666668,1.0802243686868682,11245.050952380952,RandomForest
4h,2020-06-17 19:00:00,0.0,0.0,12178.413333333332,RandomForest
4h,2020-06-17 19:15:00,0.0,0.0,12610.413809523812,RandomForest
4h,2020-06-17 19:30:00,0.0,0.0,7948.379999999999,RandomForest
4h,2020-06-17 19:45:00,0.0,0.0,7113.773333333333,RandomForest
4h,2020-06-17 20:00:00,0.0,0.0,6461.852857142856,RandomForest
4h,2020-06-17 20:15:00,0.0,0.0,6393.030476190476,RandomForest
4h,2020-06-17 20:30:00,0.0,0.0,6046.765714285713,RandomForest
4h,2020-06-17 20:45:00,0.0,0.0,4019.4385714285713,RandomForest
4h,2020-06-17 21:00:00,0.0,0.0,1148.673333333333,RandomForest
4h,2020-06-17 21:15:00,0.0,0.0,2886.312857142857,RandomForest
4h,2020-06-17 21:30:00,0.0,0.0,2929.1499999999996,RandomForest
4h,2020-06-17 21:45:00,0.0,0.0,2072.66,RandomForest
4h,2020-06-17 22:00:00,0.0,0.0,1284.5466666666669,RandomForest
4h,2020-06-17 22:15:00,0.0,0.0,677.9933333333333,RandomForest
4h,2020-06-17 22:30:00,0.0,0.0,410.0,RandomForest
4h,2020-06-17 22:45:00,0.0,0.0,73.06666666666668,RandomForest
4h,2020-06-17 23:00:00,0.0,0.0,0.0,RandomForest
4h,2020-06-17 23:15:00,0.0,0.0,0.0,RandomForest
4h,2020-06-17 23:30:00,0.0,0.0,0.0,RandomForest
4h,2020-06-17 23:45:00,0.0,0.0,0.0,RandomForest
